client_id,clientname,password,email,created_on
0,Samantha Vargas,X_7zWk,powersjackson@example.org,2021-09-09 14:07:19
1,Paul Stewart,W%5Gpg,qturner@example.com,2020-05-26 22:55:56
2,Joshua Smith,D^O8tThi,atkinsonmariah@example.org,2021-07-27 14:45:06
3,Sheila Porter,&G8VRf,justinharris@example.net,2022-10-27 03:24:55
4,Bradley Martin,*1jUzA,james10@example.org,2022-12-02 05:11:35
5,Joshua Tyler,&5Bbi1,michaelgreene@example.com,2021-04-24 00:55:26
6,Sara Smith,Do82(Lma&Hu6K,dsmith@example.com,2021-08-11 01:55:00
7,Gregory Guerrero,Ri7d@MGo$$k7,kristyparker@example.org,2020-05-31 21:50:52
8,Erica Kelly,r_1F)DjzGBJd,jacobjones@example.org,2021-08-03 03:02:44
9,Alexandra Kaufman,!%6DkPfou6bw,inelson@example.org,2020-03-03 07:03:38
10,Haley Johnson,sI4X1_xb7IR_,kathrynjones@example.com,2021-11-26 16:20:11
11,Erik Mason,47mlbK#w%9A!o@,gonzalezchristopher@example.org,2022-12-23 19:02:18
12,Timothy Fowler,Pn5Vy5q+(_3*lL,voliver@example.net,2022-05-13 23:55:55
13,Andrea Wheeler,ss7KHvxoW+,traviswebb@example.net,2021-11-04 04:17:36
14,Scott Craig,!bac4RTua3IS,omitchell@example.org,2020-09-02 01:56:07
15,Patricia Cervantes,A*LLhIwVXa55U,juanwhite@example.net,2022-07-03 09:00:36
16,Kristin Sanders,!4lZ5%m4,bellmichael@example.org,2021-03-16 08:49:42
17,Donna Miller MD,!_27UUIc,hensleyjennifer@example.org,2022-02-09 15:10:59
18,Johnny Parker,ZytZ!g9Oa_5,marshallelizabeth@example.com,2020-06-30 01:17:44
19,Debra Wells,q%Ibw3Iu7)8*,jordan17@example.org,2020-03-28 12:35:47
20,Allen Cun\ningham,E0Sc$uIm_4Q7zB,trodriguez@example.org,2020-05-13 19:29:47
21,Danielle Bowen,%5@GMfr,santosrachel@example.org,2021-02-24 05:11:37
22,George Andrews,X04vpTZY5+1JSf,jlopez@example.com,2023-03-11 14:02:42
23,Christine Cameron,)L7PUr,jtucker@example.com,2021-01-11 10:10:13
24,Karen Carter,F+6DYiA9,marymolina@example.net,2020-06-10 18:31:18
25,Kathryn Floyd,b6M@5idM^,donnalevine@example.net,2021-09-30 10:34:18
26,Ryan Davis,G#6Lrp,elizabeth76@example.org,2021-10-12 18:16:33
27,Cynthia Davis,4e16RzHV@35G,meyeralbert@example.org,2022-05-11 20:39:09
28,Meghan Nelson,_91J*gi9y,mirandaanderson@example.com,2021-02-13 06:38:34
29,Robert Tran,Z4y@1TCnCIC+,mary87@example.org,2022-07-13 04:25:38
30,Kristen Ruiz,#3@Owbq,crystal30@example.net,2021-06-28 20:30:21
31,Tina Mccormick,@9D7b!p+7W3PpV,georgesheri@example.org,2020-12-02 14:08:04
32,Devin Williams,(d2Zc#,bartonpatricia@example.org,2022-03-03 09:18:17
33,Adam Carr,!3ShDZ,gbenson@example.net,2022-02-06 23:48:46
34,Teresa Carter,(2iTUz1,tproctor@example.net,2020-08-20 08:11:09
35,Erin Williams,ya7LFRcv%h,colejefferson@example.com,2022-09-09 05:26:41
36,Darlene Carroll,&+7RC1h,aguilarchristopher@example.net,2020-08-16 21:01:39
37,Tammy Cardenas,W010nWgR),mary81@example.org,2020-06-02 10:59:52
38,James Richardson,^1@WPBB%o_Yo,craigpope@example.org,2021-08-16 15:02:40
39,William Hess,S7ay+0Ahf!,pmays@example.net,2021-11-03 07:17:00
40,Thomas James,(y^XkQah6*A6,barrettmelissa@example.com,2021-04-13 05:32:31
41,Jacob Walker,yahbHiF#D!0xM+,newtonclaudia@example.org,2022-11-26 03:04:56
42,Nancy Greene,^pCStupg9,melissa06@example.com,2020-10-07 01:16:02
43,Thomas Tate,#d2*G4n3Gm2Mr,etucker@example.org,2020-08-05 00:54:54
44,Andrew Stokes,5tLz^P(s)l,brianasmith@example.net,2023-05-11 19:03:08
45,Melissa Carter,8YN&1JjNXD,melissa68@example.com,2022-10-31 10:15:12
46,Brittney Velez,#30yOC9f,james11@example.org,2023-01-13 18:34:23
47,Christopher Galloway,cfIXWLYrvh*s39,danielsjohn@example.org,2023-04-01 01:57:25
48,Tara Quinn,TKtENR*k&X+7PK,kellyrobinson@example.com,2021-07-01 16:50:26
49,John Rodriguez,+UQwFkN7m4K,brandymichael@example.com,2021-01-16 20:47:11
50,Jennifer Cabrera,^4oOsGI,gutierrezandrea@example.net,2020-06-01 01:55:35
51,Lori Monroe DDS,#SAx)ZtY20Oe,hbrown@example.com,2021-05-09 08:48:06
52,Jessica George,72Urk2Fps4_l+),obrown@example.org,2021-09-17 01:39:17
53,Briana Mendoza,B)07zFcV(z,ebaker@example.net,2020-05-27 13:58:28
54,Joseph Gonzalez,2B!HYcwn&,richardflores@example.com,2022-10-19 01:16:10
55,Anthony Perry,$MHS5SApP,jennifercox@example.net,2021-04-26 06:49:48
56,Karen Bowen,@%8MGm,youngbrent@example.net,2021-08-11 01:41:11
57,Christopher Cervantes,^DN6Ubk,brianmullen@example.org,2021-07-31 20:45:39
58,Mary Hall,&C8L_K0iNqpkB%,eaguirre@example.net,2020-10-03 12:39:40
59,Michael Cole,0xTz_Vjw!2,kristenkennedy@example.net,2022-08-01 03:16:42
60,Tracy Johnson DDS,q&Q0M+o,hallmichael@example.com,2020-12-17 05:47:57
61,Heather Williams MD,*7OxnXkf,ashley29@example.org,2021-01-20 16:57:05
62,Michael Owens,%8PdKz,qchristensen@example.org,2021-01-20 18:15:50
63,Belinda Sullivan,Gu+*$HiO$D0^68,michaelsanchez@example.com,2021-12-08 02:20:37
64,Michael Ward,pW&(KLMfm_5,christophercastro@example.com,2022-09-24 00:01:30
65,Christine Hall,2VSISCbUM9%b+,anthony02@example.net,2021-09-20 22:46:14
66,Matthew Wood,$c*vUGGh#3P0,jamesali@example.net,2021-05-15 00:15:56
67,Alexandra Matthews,)0bOOy,sarahscott@example.com,2022-02-18 23:54:59
68,Perry Anderson,&$QhqVjd7Gs^,martinezjames@example.net,2021-05-14 22:08:51
69,Alexander Rodriguez,7d9Fa5Qu#,khays@example.net,2022-02-20 22:46:29
70,Glenn Morales,CXu@EvtxJ667Nv,dmack@example.org,2021-01-22 18:05:57
71,Anthony Lawrence,#@8^ZpF,kimberly67@example.com,2021-04-09 08:10:34
72,Timothy Wood,v64kgnRd)8%l,timothy50@example.org,2021-11-21 21:25:45
73,Michelle Frazier,h#3Vx6,hernandezjames@example.net,2023-01-31 01:56:55
74,Jacob Meyers,*F0M7mWukcHhp4,austin70@example.org,2022-07-05 23:07:16
75,Reginald Kelly,c7DVk5^J!,ericksondavid@example.org,2020-02-01 05:29:31
76,Betty Evans,sJZ^o0RrJ*gJ4,barbara34@example.com,2021-12-10 06:19:56
77,Joshua Cunningham,+tJro1Wz,deanna93@example.net,2021-09-14 14:41:55
78,Daniel Pierce,V$1)MUcw$,rcarter@example.net,2022-04-06 05:23:58
79,Ashley Phillips,c8SWQZqQ^,beasleytara@example.net,2021-04-02 10:11:58
80,Amanda Stone,#c7FNx#rIleY8,shawnmcintosh@example.org,2021-10-10 02:07:26
81,James Miller,+_68Wbd,laurenjohnson@example.org,2020-03-29 05:08:47
82,Shari Hughes,*f^0K1Mns)^,tylergutierrez@example.net,2021-01-31 17:26:41
83,Kimberly Ward,$5OQp#,zking@example.org,2021-08-25 16:00:16
84,Yolanda Reed,%E!lWkMp8CT6,wallacewilliam@example.net,2021-02-02 13:15:33
85,Andrea Sims,%+@T7s4kx0,zmckay@example.net,2020-12-04 03:11:43
86,Joseph Mercer,z_+oAcSL*MM4,briannadavis@example.net,2020-02-21 22:06:04
87,Zachary Lee,Q)b1IEyPu%(N,mcleankevin@example.net,2020-05-10 20:12:01
88,Matthew Thomas,oq4E!zB&&,iwright@example.net,2020-02-14 11:45:02
89,Thomas Hodge,)d2Mbn,robertssharon@example.net,2020-09-05 05:18:03
90,Elizabeth Christensen,&8DHOG7x$1,darius41@example.net,2023-01-31 19:18:16
91,Teresa Greene,(M5OqRZn8!n,maddencristian@example.org,2021-04-23 00:08:37
92,Terry Hughes,)NeShD0fy9Du,donnasanders@example.org,2021-07-24 15:23:26
93,Brooke Anderson,)12QuW,christopher01@example.org,2021-09-29 11:37:11
94,Michael Mccarthy,%P8PAp,erik26@example.org,2022-07-09 00:13:54
95,Joseph Koch,MU9$YvCX5IF+#l,brandonblackwell@example.net,2021-11-03 11:45:12
96,Angela Salinas,&8XhF@uK,elizabethhuff@example.org,2020-02-06 05:38:38
97,Michele Webb,!5QLOe,linda94@example.org,2021-12-07 00:13:37
98,Holly Kirk,&@YsjB8uO1rv!*,peter75@example.net,2021-06-05 04:07:13
99,Kimberly Patel,2JakEYaArEN$,andrew94@example.com,2022-05-06 16:00:32
100,Jason Riley,*17Aor,ronald78@example.org,2021-07-30 01:04:03
101,Brett Smith,@+PvN^ya+#7,sarah98@example.net,2022-04-25 03:56:03
102,Rebecca Kerr,B@I$SH+m7NsO,stewartjacob@example.com,2022-04-30 00:12:00
103,Sabrina Mcfarland,1_3&evNYWP@RR,holmesangela@example.net,2022-07-12 16:04:10
104,Ronnie Gomez,_7%0Uhr0!w,kwest@example.net,2020-04-30 07:23:10
105,Dustin Blackwell,x&6Fsa,mark45@example.org,2020-04-28 16:31:43
106,Katherine Armstrong,gM&0mWuy,joanngutierrez@example.org,2022-04-12 11:32:10
107,Sherry Medina,z*n0(Z&sWbKgm,shirley97@example.com,2020-05-27 10:43:57
108,Troy Dean,C#!84GzcG%H,angelakaufman@example.org,2023-01-09 10:54:15
109,Randy Sanchez,^@0Vzi,sonyalogan@example.org,2022-11-28 12:42:43
110,Renee Harris,e^xh99BjO&pnZZ,bakerstephen@example.com,2020-09-30 08:48:54
111,Christine Thomas,0k&3kLu,margaretbrown@example.net,2022-03-28 17:17:53
112,Carmen Johnson,@^6WyF3o*_a,sanchezjackie@example.com,2021-03-14 01:46:50
113,David Burns,L)6vCrAyY,timothy37@example.com,2021-03-04 09:42:13
114,Anna Yang,K*Eu7LXf%,andrewglenn@example.net,2021-05-17 04:18:07
115,Brenda Leonard,^K1Uv0,robinsonmichael@example.net,2023-02-02 10:04:18
116,Jonathon Jennings,oHlCTFet&t9),stephen21@example.com,2022-12-17 19:30:13
117,Alexis Chapman,#2JlDdw,shane05@example.org,2020-07-05 23:48:14
118,Sharon Ferguson,4ilcsWg4*Ps,qrodriguez@example.com,2022-03-27 06:15:30
119,Robert Mills Jr.,(C52Og+t,pwest@example.net,2022-12-19 04:31:31
120,Nicholas Smith,%34ASqV,watsonpaul@example.com,2021-09-29 07:17:00
121,Norma Vance,(q__K61Mg6,thomascampos@example.org,2021-05-21 00:26:21
122,Daniel Coleman,F@zASYOc_G8,uacosta@example.com,2021-08-19 09:17:42
123,Matthew Hogan,J^5BLPyv,umoses@example.net,2023-05-14 13:17:05
124,Daniel Mays,HuxQoqiA!24ZG,ebraun@example.com,2022-09-23 01:32:38
125,Mrs. Lori Sanchez MD,U(9JYeF,garyjohnson@example.net,2022-02-07 05:00:54
126,Ian Buck,Op#*4USl,alexisoliver@example.com,2020-02-27 14:19:56
127,Erin Allen,^203Hs,michael95@example.com,2022-01-21 21:35:05
128,Erin Richmond,^k)6$Ov#fA,christopher70@example.com,2023-05-04 20:22:16
129,Laurie House,@mO9eFYam6m,hyates@example.com,2021-12-10 04:56:52
130,Darrell Carter,V#2YakS,angel18@example.org,2023-04-06 15:20:14
131,Jordan Howell,$48SAGMqL,bartonpamela@example.org,2020-01-14 22:25:19
132,Rachel Swanson,$(3ZI$&o&7HB8,travisjoseph@example.net,2022-04-10 10:04:19
133,Jeffrey Jackson,AI_2GjKT)b,plittle@example.net,2023-04-09 23:10:12
134,Megan Roberts,#4Xysa,villarrealjason@example.org,2022-05-27 20:03:28
135,Timothy Buchanan,*qQn1C6!y9,sherry11@example.com,2021-08-18 03:23:55
136,Justin Torres,e+XwwXt^A)4WC,cantrellrobert@example.com,2020-10-16 23:02:47
137,Jessica Mosley,0)V3Yd!!q,vparks@example.org,2022-12-24 22:42:55
138,Dennis Munoz,8I14Rf4m@,efoster@example.com,2020-07-08 08:51:52
139,Leslie Nichols,8LWCxGNj@,dwaynefrancis@example.net,2021-04-15 21:52:01
140,Christina Goodwin,wxXp7VWljc4$3,jimenezrobert@example.net,2021-12-08 23:28:02
141,Stephanie Decker MD,e*h20C^w&%T,barryschmitt@example.net,2020-05-29 21:17:39
142,Charles Rivas,@HX#eqk$x3,katherine46@example.com,2020-10-25 11:55:57
143,Anthony Jacobs,9t1%dzad**CH,eric30@example.org,2021-07-18 20:05:49
144,Elizabeth Thompson,L+&5UBm,brooksmatthew@example.org,2020-07-13 18:40:41
145,Juan Avila,$v(Hp5Gaz9affL,ewolfe@example.com,2021-07-09 08:40:11
146,Laura Boyd,#@x2KD6d,sean73@example.net,2022-04-29 00:36:18
147,Alexander Brown,)&7TVb,amberholmes@example.org,2021-07-27 09:40:13
148,Christopher Dunn,a#N4QfMCX,anthony50@example.com,2022-08-27 17:58:21
149,Sarah Smith,RK^Y(V7r1^93K,kimberlyperez@example.org,2020-03-11 01:57:33
150,Michael Mcknight,bX4qIZRi&C*!,wsnow@example.net,2020-05-02 03:59:16
151,Peter Fields,F)93dNpvBos,jakeclark@example.net,2022-10-04 05:02:50
152,Sally Morales,@PEK0o5h(8,nlarson@example.org,2023-02-02 19:07:20
153,Steven Martinez,(0)(Sp,albert28@example.org,2023-04-14 04:24:06
154,Evan Reid,QQ43Ha2o%%,davidharrison@example.com,2020-10-04 01:50:02
155,William Taylor,#9CoeZ,allenwendy@example.net,2020-12-30 04:34:32
156,Kyle Harris,r!miq@d)&Ze7dU,npalmer@example.org,2020-10-04 00:19:32
157,Ashley Jenkins,bk1Ziwz@)6j,ggarza@example.com,2022-08-19 16:27:25
158,Thomas Lambert,@2Ruun9u6yZ9$^,cbaldwin@example.net,2020-06-28 14:08:07
159,Dennis Cooper,&da(wt(nAS4GvW,cory60@example.org,2023-04-04 22:41:59
160,Brenda Newton,$7u3Ew,jonesshane@example.com,2021-10-21 18:22:41
161,James Cook,%BApDM2jZuD4*Q,sherry42@example.com,2020-09-19 19:38:38
162,Nathan Sanchez,!OyvBj(De4SB,tandrews@example.net,2022-10-22 19:40:52
163,Reginald Edwards,9#AF!rTR@,vazquezbrian@example.com,2022-04-22 14:45:36
164,Jerome Savage,F#8RO+Sx,bennettmichael@example.net,2021-05-13 04:20:39
165,John Alexander,L$87IRh,shelleymaxwell@example.com,2023-03-21 23:33:13
166,Nichole Morales,&z19LGd,jturner@example.net,2023-01-02 15:20:12
167,Joshua Williams,3+w9pCbqRK,tammymontgomery@example.org,2022-04-15 07:57:27
168,Barbara Lopez,pek4Oket&,jessicacampbell@example.org,2020-07-04 18:30:46
169,Dr. John Rivers,8$9OJ$q,chelsea60@example.com,2021-08-18 07:01:34
170,Jennifer Singh,+9UhmC,goodmantimothy@example.com,2021-05-19 23:35:12
171,Julie Bowen,s3QSjmdb^,barnesjonathan@example.org,2022-03-15 11:36:52
172,Angela Hernandez,m*3vLb,hughestony@example.net,2021-08-13 02:47:24
173,Alison Johnson,^^56Nq,lisacoleman@example.net,2020-12-23 03:27:42
174,Dylan Hansen,#_9*Y4Ae,sarah26@example.com,2022-09-29 11:21:45
175,Ruben Oconnor,!^O94G5c$V3Rz,vsimpson@example.net,2022-02-18 03:07:39
176,Maria Cunningham,+HUKnr9i702hes,rodrigueztodd@example.com,2020-10-22 20:05:14
177,Paula Johnson,(S_76ALm6!oi,lisafrench@example.com,2021-09-26 04:31:37
178,Ronald Underwood,@9I4tfpw,steventhomas@example.com,2022-02-10 04:21:43
179,Christopher Lopez,3MO#0Vn,gharrington@example.com,2021-05-07 11:14:24
180,Donald Johnson,^rDI04ZIS8,marshalljasmine@example.net,2023-03-12 16:37:14
181,Elizabeth Smith,^N7WqVyS&),lisawheeler@example.org,2020-11-10 08:00:04
182,Mark Briggs,T*i8rPkhQt,christina69@example.com,2020-06-12 14:31:19
183,Christopher Martin,)O9P+T9yh&Xx,edwardsjessica@example.org,2020-05-07 20:30:31
184,Lindsey Paul,FXph67h#y^4WfY,stephanie98@example.com,2020-06-05 14:55:19
185,Colton Peterson,qI%8D$w8Sk,xharding@example.org,2022-09-20 19:45:57
186,Maria Stone,!4XMwrl,kristi32@example.org,2023-01-17 06:22:08
187,Stephanie Park,I_52FNwwtO,rubenodonnell@example.net,2022-11-16 01:01:32
188,Erik Morton,7rv#7GGaE,travisryan@example.com,2021-08-19 19:27:26
189,Anthony Wagner,Lr*d1HjM*PmF,fpacheco@example.org,2020-05-04 06:29:08
190,Amy Hall,!9PRtM,nelsonseth@example.net,2022-05-22 18:23:00
191,Ryan Rodriguez,pzKnzpla)54U,hunteranthony@example.com,2022-12-17 19:26:46
192,Lisa Spence,^!%72Bvwc,frank76@example.com,2022-08-09 01:49:05
193,Christopher Richardson,))3k1!_cv_O,edwardsmarilyn@example.net,2023-04-13 08:47:09
194,Edward Robinson,hwK14Cdgh^@VQ,patricia64@example.com,2021-08-02 22:37:57
195,Traci Li,()3SL6gc,shannon50@example.com,2022-01-14 00:04:33
196,James Scott,$eJ%3dSp,fclark@example.org,2021-02-25 22:34:14
197,Elizabeth Smith,b@J38GfGe,morgan32@example.net,2023-03-03 00:17:58
198,Dr. George Johnson,m&8X20Pir,srandall@example.net,2020-04-16 04:41:51
199,Brenda Munoz,MBGjZURM!2$,nicholas32@example.net,2022-03-04 23:38:15
200,Anita Hernandez,MdM9CAYSO(,doris91@example.com,2021-10-08 12:01:11
201,Julia Clark,_rQ*Izk5CbVmU0,cindy26@example.org,2022-01-03 03:56:14
202,Brian Smith,$^3ijvIqIKOL,kimlaura@example.net,2022-06-28 11:22:33
203,Anita Kline,(u^VP(Te&2Sqg,tfleming@example.net,2022-02-15 06:59:25
204,Nicholas Ferguson Jr.,)%b%@9Gc,jshort@example.net,2020-09-16 06:17:22
205,Diane Howell,^v6(Y!u,ibrooks@example.com,2020-09-17 11:42:27
206,Jennifer Mann,*x9RoaC,evansjoseph@example.com,2023-03-12 04:04:50
207,Jordan Dixon,61iW#qnj+bZ,tracey43@example.com,2021-02-22 03:30:27
208,Sierra Ramirez,*1)ISo5dUb_E,kelly92@example.org,2022-09-21 07:00:14
209,Colleen Ward,*1oJqqo,michaelbeck@example.com,2023-04-14 08:43:37
210,David Benjamin,$!MrtEc4B3,hoganmichael@example.org,2022-05-12 21:11:30
211,Susan Reid,%l8K$kvF,davidsonalex@example.net,2020-07-27 08:06:36
212,Peter Barry,_W29JWo!u,coxbrenda@example.net,2022-12-03 06:24:03
213,Nicole Perkins,@%z2MVmCS+,bradleyhumphrey@example.org,2021-01-31 09:54:05
214,Anita King,p%KEHr7cD%k7,stephaniediaz@example.net,2022-03-28 12:59:25
215,Nicole Kelly,D0M@qD^f%2dY#,andersonbryan@example.org,2022-04-20 10:37:14
216,Margaret Rivera,OsNCeb1d#b6M,williamsjohn@example.org,2021-09-08 23:14:05
217,Lorraine Eaton,o+Gt6+Gh,nbernard@example.org,2021-06-18 20:03:58
218,Jennifer Davidson,(^$5Yi@ll,christopher79@example.org,2021-11-12 09:11:57
219,Brittney Shaw,j_2*9iCXRwX,stevenwright@example.com,2020-08-08 01:02:31
220,Francisco Kelly,_p5xIHkCQ0V,fkelley@example.net,2020-03-12 23:29:43
221,Lisa Wilson,*b00VUt,summer17@example.org,2020-10-21 22:03:40
222,Jenna Woods,2U%+yQDu(UM,qhouston@example.org,2022-08-15 19:03:40
223,Michele Smith,(5UbD7dpe,darius67@example.org,2020-09-23 19:19:20
224,Aimee Mccormick,EN%0Bapn,anthonylopez@example.net,2020-04-10 01:38:24
225,Dylan Garcia,&4ch0h*p!XnuR,georgeperez@example.org,2022-02-02 04:22:25
226,Cheryl Hill,_%0Shlv,tomscott@example.org,2021-07-27 05:35:07
227,Joshua Martin,2qk2Dpno3_,coopernathaniel@example.com,2022-02-08 16:06:17
228,Stacey Ellis,^_4wC66gT,jean36@example.org,2021-10-12 06:56:39
229,Bonnie Pace,01iqZjoo^e,brianfitzpatrick@example.com,2022-06-04 08:29:38
230,Katelyn Russell,)52uLJso,tonylittle@example.com,2020-08-30 01:10:45
231,Zachary Marquez,_7yQzd,pricegarrett@example.com,2020-10-14 19:25:38
232,Krista Walker,$5Uviz@a$2,jacob44@example.com,2021-04-17 22:54:03
233,Tammy Ross,)v5)AUdoTsa&T,justin72@example.org,2021-05-11 17:50:12
234,Pamela Baker,%4Ef9aj8e,jeffrey27@example.org,2021-04-19 23:52:27
235,Kathleen Kennedy,#US5Rhm,jnguyen@example.org,2020-10-30 16:36:32
236,Samantha Carter,k0kS_soK&c+!*0,shayes@example.org,2022-12-31 10:54:57
237,Steven Gilbert MD,!66P@Z069u5edf,johnweeks@example.org,2022-04-02 05:37:36
238,Jonathan Pierce,#3EO8FsX,lisa78@example.org,2021-12-05 09:16:32
239,William Wilson,$0@kKu,arielpatterson@example.com,2021-04-24 06:11:07
240,Susan Hutchinson,)k3X)hE4,cesaranderson@example.com,2022-07-18 09:28:39
241,Tammy Gibson,dp94QGmA&$Ek,simmonswesley@example.com,2021-09-03 12:24:30
242,Dr. Kimberly Scott MD,7#35Vjgvy,sherritate@example.com,2023-02-02 16:15:50
243,Matthew Gibbs,%)6Oa!hu#(vN,josephdavis@example.org,2020-09-10 17:57:56
244,Zachary Simpson,)!3AONjr!GnnT8,jasoncharles@example.com,2021-10-13 13:28:39
245,Matthew Waters,2G_v$9Ol4cZ,owensbarbara@example.com,2023-01-15 02:36:30
246,Seth Smith,yl_i65LtvK2,omartinez@example.com,2021-10-26 21:56:14
247,Dr. Darryl Pratt,*7LO_utfL,joshuadonovan@example.net,2021-10-05 06:25:04
248,Amy Stein,DyA$PYMe#)gy5E,breed@example.com,2023-01-22 06:28:43
249,April Poole,%7Xc45lei*BXa#,ybaker@example.org,2021-12-27 15:10:47
250,Sarah Johnson,e%0Dbc%,jameslane@example.net,2020-07-24 18:51:39
251,Ashlee Hayes,99_OTNwa*,albertchen@example.org,2020-09-11 20:07:21
252,Michele Lowe,Cq1R&w!xT%boH5,vcruz@example.com,2020-11-09 21:36:07
253,Teresa Matthews,4Z^p9Nw,michellewalters@example.net,2022-10-12 19:10:15
254,Douglas Jordan,!24AWq@,psmith@example.com,2022-04-11 23:57:36
255,Casey Krause,^3Clfw,lcooper@example.com,2021-01-12 17:21:03
256,Erin Meadows,hEQZf8hjH$VSvh,amypeters@example.org,2023-03-25 03:42:57
257,Ian Andrews,s!8mMgi6MBP+b,mlee@example.net,2021-05-07 18:12:38
258,Brandon Porter,_V4AypWvO#g2Rs,gregoryfoster@example.net,2022-08-16 01:13:37
259,Lee Hays,P1AOOnfn^P,drodriguez@example.com,2022-11-12 23:02:59
260,Brittany Taylor,n3j!2mSumUzQ,james84@example.org,2022-06-11 04:05:01
261,Wendy Jones,Y0JLj2jx+0$+i,zunigacourtney@example.net,2020-10-23 01:25:00
262,Kyle Brown,#2U8Rvq&11zy,allison26@example.net,2022-07-23 11:15:13
263,Marissa Miller,!C8D_VgqC,melanie50@example.org,2021-06-17 22:27:30
264,Michelle Andrews,^Ic9*VMoO!,fostercurtis@example.com,2023-01-01 04:23:20
265,Laura Gray,+eN9SzSDq1Brh,ebutler@example.net,2022-01-24 22:15:11
266,Tanya Williams,L*0@e2GkC7k,aaronschmidt@example.com,2021-04-07 04:38:58
267,Brandon Wells,7SGSQuDg&_Z_ou,robertlawson@example.org,2020-12-20 09:42:27
268,Kevin Henderson,UG#5dTac!wISSh,colin24@example.org,2023-02-12 22:42:03
269,Natalie Huffman,!q&oIaK1S+7%d,dthompson@example.org,2022-09-19 08:25:42
270,Christian Bailey,i6T%crEM*,rwilliams@example.net,2022-06-19 23:45:38
271,Brooke Steele,9EyS0zny%t2,johnsonamy@example.org,2020-01-14 13:38:12
272,Aaron Jenkins,)nxO29Jy^#,david96@example.org,2023-03-23 04:58:57
273,Jennifer Thompson,@e6mVi,lbowman@example.net,2020-12-03 23:54:33
274,Micheal Reid,B@8Ju$0,padillajennifer@example.net,2021-06-15 00:42:29
275,George Shannon,y*S7pOdmBf,mackenzie79@example.org,2021-05-02 21:32:01
276,Michael Wallace MD,C)38GTAf9dD$C,njacobs@example.org,2022-06-09 13:05:19
277,Christine Gutierrez,R%K*xU0Z(2,nancy69@example.net,2021-01-09 08:51:14
278,Kendra Faulkner,Muk)0Pg,shannon61@example.net,2022-08-14 00:23:57
279,Michael Smith,%7R%8OPha3U,aguilarwilliam@example.com,2020-09-19 02:58:48
280,Alan Johnson,%YC8NRiB(,mknight@example.org,2023-02-22 23:09:30
281,Tommy Crane,4T#*$0RaE27NaB,morenokaitlin@example.com,2022-10-18 13:27:32
282,Shelley Andrews,xn5%HiLO%UY,hallwendy@example.net,2022-01-22 08:32:51
283,Michael Hughes,!9EYwY^i!W4WX,david15@example.org,2021-08-25 08:28:18
284,Mark Harvey,)3LQ)d,saraduncan@example.com,2022-06-09 14:56:25
285,Jody Lewis,k*0&mhQfMSyb,cathy89@example.org,2020-12-14 08:29:54
286,Dr. Jeffrey Foster III,)Y5SPpj,mgarza@example.org,2022-12-13 06:03:05
287,Susan Novak,_Os0CCK61xgMlS,robertclark@example.org,2020-05-08 02:32:59
288,John Johnson,!6YnOy,davisheather@example.com,2020-11-13 11:59:15
289,Margaret Weiss,6%(2zFZt!p,calderonbrent@example.org,2020-03-09 20:27:45
290,Jason Elliott,@XDDWmby0ohVh,holdensally@example.org,2022-11-02 22:08:26
291,Melissa Williams,OS70eHpC@R,arthurcoleman@example.org,2020-12-05 08:36:17
292,James Rodriguez,*83Pzlkn)WH+m+,ashley64@example.com,2020-06-21 06:33:36
293,Rebecca Brown,+6mMJiv,bdiaz@example.com,2022-03-29 10:51:59
294,David Solis,bXR0Uf5w%t,sharon03@example.net,2021-09-06 02:11:11
295,Tammy Barajas,XlZ)5Co,bakersherri@example.com,2023-03-26 15:45:50
296,Stephanie Garcia,+L%0rAKlKM,vasqueztony@example.org,2020-09-17 19:23:18
297,Angelica Mccall,!0Bz^M,michaelowen@example.org,2021-04-22 14:49:24
298,Katherine Jones,hJ8xznz%w(6A,arusso@example.net,2020-06-06 20:41:31
299,Aaron Hobbs,(3obJ%2)7rp6^i,shannon49@example.org,2021-02-27 14:46:32
300,Michelle Allen,y(t76Dtj$W,omcpherson@example.com,2021-03-25 22:35:25
301,Stephen Moss,&+f2ZNVfPXc6,suarezfernando@example.org,2020-12-30 12:25:05
302,Jeremy Alvarado,(yF4Mi,diana18@example.org,2022-06-23 06:04:19
303,Jane Fernandez,N_8NCZGmlw5j_+,bward@example.org,2021-03-13 05:14:18
304,Ann Bell,^P#8pCPt^,baustin@example.com,2020-07-28 08:43:08
305,Matthew Stone,4lX7kDyM^,nathan95@example.net,2022-11-15 03:19:42
306,Brenda Olsen,Gw1VFr3DK%V,qgill@example.com,2020-11-30 14:44:20
307,Diane Marquez,vs_1DGf,vfernandez@example.com,2022-05-18 09:42:43
308,Jamie Ramirez,(_82A!mtt7,jennifer60@example.com,2022-11-03 06:54:44
309,Lee Kelly,(09T7h,mmartinez@example.org,2022-03-17 05:25:01
310,Scott Kelly,+_FJwZ+H2ONT,yward@example.org,2022-01-07 05:29:36
311,Julian Edwards,Y(1ONp#15RM,brucebrooks@example.net,2021-07-27 23:40:23
312,Nathan George,g*55Onh,amcdaniel@example.com,2023-01-26 01:38:58
313,Mrs. Emily Wilcox,4wfQSOXz8C!6!L,mary72@example.net,2022-07-10 17:37:37
314,Dr. Andrea Clark,_LA8Gv8,samantha88@example.org,2023-05-13 18:45:44
315,Joseph Garner,+8LDXrkamY1%kN,lisa95@example.com,2021-02-21 20:25:45
316,Brian Robinson,_UMq$2Cg,zamorachristopher@example.net,2022-04-07 06:52:29
317,Thomas Smith,11w6gRgZ@,russellbrian@example.org,2021-12-31 02:25:56
318,Steven Richard,2@PT0_xz%,browndoris@example.com,2023-05-12 22:45:27
319,Mary Erickson,#3x_UI%Z#f!$T,megan31@example.net,2020-05-03 05:16:01
320,Mariah Potter,$0MK(ho,joyce35@example.net,2020-04-25 04:20:25
321,Wanda Edwards,%4Ko2w,rhampton@example.org,2020-03-14 20:42:45
322,Jonathan Rhodes,_E_CUd0GlQd2H,melanieestes@example.com,2021-01-25 11:45:29
323,Laura Cox,%vqCnGgxu65,banksmason@example.net,2020-01-20 01:49:06
324,Ryan Faulkner,_Xy29AVpC$,susandavila@example.net,2021-01-04 12:26:03
325,Jesus Mccall,Hp1Z!Kzwk@94Gv,joseph84@example.net,2022-12-18 13:55:02
326,Cody Wagner,N6sNf1n2^p,allisonclements@example.com,2022-01-03 20:11:57
327,Mario Roberts,9Q(nR69dV^x,adrianhenson@example.com,2022-12-29 20:54:46
328,Renee Smith,**HwWFway52mn,kim57@example.org,2022-02-26 03:11:41
329,Alyssa Blair,m$25RIQa3x,gonzalezkrystal@example.net,2020-07-29 05:11:56
330,Megan Owens,4gWW#_^7*5t,martincatherine@example.net,2020-11-13 01:38:39
331,Ryan Potter,)QP0z%Kp,pittsdavid@example.com,2021-09-07 16:50:58
332,Tyler Fowler,+ixUQito)e72,plewis@example.com,2020-12-20 23:34:50
333,Manuel Allen,_7QPku,ambermorrison@example.com,2022-06-28 22:49:15
334,Natasha Gomez,J#D4Y&nnR+7d,markpeterson@example.org,2022-11-25 07:58:17
335,Terry Stark,AhF(t7Jd,taylordaniel@example.com,2021-08-26 23:24:54
336,Mr. Mark Good MD,&W%D+kBv1r&8,harringtonlisa@example.com,2022-03-21 04:16:57
337,Margaret Watson,+499Iq0$n,gabriella73@example.net,2020-04-10 21:12:39
338,Chelsea Kennedy,S6&XBniz$TD,jacksonmarvin@example.org,2022-09-17 02:49:48
339,David Aguilar,)5Iwu(,smithroger@example.com,2022-03-09 04:55:47
340,Jesus Swanson,@NVa37Hi)3FZ7,dunnmichael@example.org,2022-02-26 08:44:15
341,Veronica Hanson,#d9qDOhCX1),yharmon@example.org,2022-07-07 22:17:51
342,Matthew Henson,&4jf$Twr,tylerlori@example.com,2023-02-14 18:45:52
343,Chloe Thomas,4WN(tGk$(8,martinshane@example.com,2022-06-13 14:06:55
344,Brenda Williams,Eg(bvHPjv^)5,pjones@example.com,2020-09-26 15:40:03
345,Darryl Gardner,#x4dFDkb+nQ,mary00@example.com,2021-04-20 11:54:03
346,Michael Gonzalez,a5kKR^tEN6e(rw,jgates@example.com,2021-07-09 13:30:14
347,Alexander Harper,F4bSw@$1*hK,amanda66@example.org,2021-11-21 00:13:37
348,Thomas Stevens,_jMJHMiVQc3,ilopez@example.com,2022-07-08 02:19:37
349,Haley Ballard,5MD7ZCKu+It,dorothywelch@example.net,2022-06-30 02:07:28
350,John Webster,@SZ%Xdov3,farleyryan@example.net,2021-12-30 09:44:30
351,Kathy Powell,*yRgkovoz9KlN,sabrinasimpson@example.org,2023-04-13 00:09:45
352,Zachary Webster,@4vb9Crs,hlee@example.org,2021-06-06 01:26:33
353,Julie Hunt,$I7%Na+c_22,andrea31@example.org,2021-01-26 21:32:28
354,Mark Hardy,Z4KClq@b#q4k,gabriellethompson@example.org,2020-04-30 01:43:23
355,Jeffrey Sullivan,_mBXSqoMsD9,justinmendoza@example.com,2021-02-18 03:19:28
356,Linda Mckenzie,sb9K+4Oez,debraperez@example.org,2020-10-27 16:12:29
357,Walter Ellis,&G3g6Yt,nwalsh@example.net,2023-01-26 03:31:18
358,Jean Yoder,!@l6zFDydi,cortiz@example.org,2022-06-06 04:30:27
359,Austin Powell,&O5RPTRh,josephwright@example.com,2020-11-07 03:28:20
360,Lisa Davis,7ZYP1o(S)qDLs,daniellesalinas@example.com,2022-09-06 01:53:44
361,Jenna Diaz,jF%@IdvO+0,marykeller@example.org,2020-10-17 15:46:23
362,Catherine Goodwin,@5!INj,robinsonmarie@example.com,2021-03-22 04:23:51
363,Robert Thompson,DNN8BsWd+,michael29@example.org,2020-10-11 02:05:03
364,Eric Cummings,r2GHu+6l@2,wobrien@example.net,2021-12-08 16:05:54
365,Jessica Frye,(4IC1c2,jlowe@example.net,2020-04-08 04:42:46
366,Jason Arellano,%^5gsq03KLY+,jeffreylucero@example.net,2021-01-28 04:17:50
367,Brad Gutierrez,$Jb&oEgj4,holdermary@example.net,2022-10-03 06:57:15
368,Jamie Gilbert,nwd^77QnD,robin68@example.net,2021-08-09 04:24:25
369,Kendra Gregory,%66#W#QyQF7,vbowman@example.net,2022-06-23 03:07:07
370,Nicole Scott,a5*8i6Ji,gonzalezdeanna@example.org,2022-02-11 11:54:54
371,Logan Bennett,e$DAeKwKEL0e,glenn72@example.com,2020-09-02 02:01:15
372,Caitlin Patterson,%4WT(f$Yb@7^Ds,watsonrandy@example.net,2020-10-10 01:12:11
373,Dr. Alexandra Campbell DDS,em!78Xj,drowe@example.net,2021-10-21 10:21:58
374,Sharon Berry,jbU5D%Us^MN8t,davispriscilla@example.com,2021-11-11 10:29:04
375,Michelle Moore,@cfPVYxw)X7,qodonnell@example.com,2022-09-08 03:32:04
376,Kimberly Hicks,!96UbQDD,ricky32@example.org,2020-07-06 15:22:59
377,Wendy Smith,_m5Cfa,myerssherry@example.com,2021-02-27 10:31:55
378,Daisy Taylor,P_H5DjkkjA#^,martinezkimberly@example.org,2021-06-17 08:10:56
379,Brandon Barry,+B8@2Ix,parkercharles@example.com,2021-01-27 00:22:54
380,Samuel Taylor,g&*3Lu%gsfw,ronaldmitchell@example.com,2022-08-15 12:58:38
381,Ryan Martinez,%e#72Mv7jz@H,sawyertimothy@example.com,2021-10-01 23:41:31
382,Holly Moody,82SL2bsp$fh,moorekenneth@example.org,2021-02-22 15:32:30
383,Kevin Hall,)i35VZnp$TZJ4k,cassandralin@example.org,2022-08-22 21:20:02
384,Jamie Edwards,+795RyGrgx0,ilewis@example.org,2023-02-15 01:11:54
385,Robert Daniel,#q3LQE4o,gabriella78@example.org,2022-03-12 00:09:32
386,Michael Campbell,U(7LRgX,rogersjennifer@example.org,2023-05-13 04:55:34
387,Kimberly Young,h8mUPn2d@3)_,ecasey@example.com,2022-12-12 20:52:13
388,Crystal Rios,O5e@B6Iw&,blaketaylor@example.org,2022-12-14 19:36:28
389,James Moore,9rRo9r2A@sBXx,griffithtracey@example.com,2021-03-29 21:19:38
390,John Cox,*2)GKo9#Ps1c,jakethompson@example.org,2022-06-23 01:39:14
391,Joyce Barajas,5cR1DZyc%h_d,aandrade@example.org,2023-03-31 17:37:10
392,Douglas Williams,!D0dEDiq6iK0,usmith@example.org,2022-02-11 21:00:53
393,Christopher Brown,G&n(zKsk!U%8,agalloway@example.net,2021-02-26 07:50:29
394,Erin Espinoza,)2AMBd,monica64@example.net,2020-10-04 03:10:49
395,Kevin Green,$cw%1Tl,jessica14@example.net,2022-09-16 15:09:39
396,Megan Fuller,^9cZfccF4),wgonzalez@example.org,2022-07-09 05:36:32
397,Larry Davis,g7B)RIl@A+ZdH%,hbaker@example.org,2020-02-28 19:09:29
398,Dwayne Fuller,&3UGAn,randysummers@example.org,2021-05-12 18:39:34
399,Jennifer Alvarez,$jN9(UHlCU&,hochoa@example.org,2022-05-01 01:49:35
400,Dennis Soto,$&4Lrk,jessicamartinez@example.net,2021-02-28 08:47:32
401,Nancy Johnson,%1DCZ+k,joel41@example.com,2021-05-12 14:43:28
402,Kimberly Khan,_h6BAE1cV6,bianca40@example.com,2022-08-29 14:44:21
403,Michael Cox,@)6R2Qj#GyT),arthur25@example.com,2023-03-20 04:12:03
404,Peter Miller,ENrQnqRCG_0A,odavis@example.net,2023-04-26 17:21:42
405,George Manning,$0HRGguO,nicoleowens@example.org,2022-08-24 01:51:02
406,Stephen Hanson,voO06RDgh+S,owensara@example.org,2020-06-10 06:33:17
407,Adam Rhodes,$k)(7oXpuC,batesdavid@example.org,2021-09-02 10:38:13
408,Melanie Moore,hFP)y9lO^8pc4N,xrodriguez@example.com,2021-07-27 11:07:22
409,Craig Nicholson,+50Sluwa^B,kdavis@example.net,2022-10-21 19:36:44
410,Ashley Ramos,8$8Jg3TvZ,whitemegan@example.org,2023-04-06 18:45:06
411,Adam Fuentes,fMK@79pPW+,derekgoodwin@example.net,2020-08-12 18:31:19
412,Alejandra Russo,&h4Jw%,davischristopher@example.net,2021-05-13 23:06:26
413,Amanda Russell,_!2Semcdy,brian94@example.com,2022-04-02 13:28:20
414,Kimberly Evans,So%mDc9)I55J,ywoodard@example.com,2020-01-19 09:45:48
415,Cynthia Singh,J9)VXsRx(M9,jefferyanderson@example.net,2020-12-09 00:32:15
416,Melissa Martinez,gD@3P8Qe4y,sarabell@example.com,2022-04-21 08:51:39
417,Benjamin Pierce,XtRm1Ayt$5r,eavila@example.org,2023-01-16 05:41:46
418,Allen Martinez,cIYM@5QefWY,hunterkelly@example.com,2021-03-11 19:36:26
419,Matthew Lopez,C@9IIhj,brucewhite@example.org,2020-09-29 21:36:35
420,Melissa Garrett,GJ**phKN&g8Q1U,mdixon@example.org,2023-01-09 02:09:16
421,Dr. Hector Walters,+!c1yJe),zdoyle@example.org,2021-07-20 07:00:07
422,Nicole Miller,$Z6Uz#,alyssa03@example.net,2020-10-14 19:29:12
423,Ann Gordon,_lS*Y_Cv5e,zbradley@example.com,2021-10-06 12:42:09
424,Glenn Conway,(0UsNmw,wrightbrenda@example.org,2021-12-10 22:46:13
425,Kayla Mason,!Ys2Tma,robin97@example.net,2021-08-26 03:49:45
426,Alicia Green,AXO+Z5m8V+@H&h,lynnduncan@example.com,2022-01-24 03:01:42
427,Shannon Baker,c0A_DJFJ$5d,bakeryolanda@example.com,2023-04-26 07:24:54
428,Jennifer Blair,b!PBcrDGF$94,sanchezdanielle@example.com,2020-06-15 03:39:44
429,Jennifer Costa,!xXIEIl66,nrivera@example.net,2021-05-01 00:39:41
430,Angela Barnes,!4TZ6a%RD#9mt,xarmstrong@example.net,2021-04-25 13:28:43
431,Breanna Downs,sSt1NhI7*t,qclark@example.org,2022-04-25 07:15:38
432,Debbie Chavez,B$0NwWIr@,wrodriguez@example.com,2022-06-20 01:11:02
433,Kenneth Avila,__7(FpSwf(,anthony23@example.org,2022-10-29 01:38:51
434,Jessica Mason,zP%ATu)4+_*56,nathaniel54@example.net,2022-02-21 03:04:16
435,Bradley Sanchez,w!9bwujZ!0xnA,morenopeter@example.com,2020-05-15 23:17:12
436,Robert Thomas,A(%(9IVhd^L27,frazierconnor@example.com,2020-11-07 14:41:53
437,Erin Vasquez,Y)1j*0Cmv,larrymiller@example.org,2022-01-23 05:01:18
438,Steven Jones,)39GdSm,jennifer95@example.com,2020-10-19 07:59:39
439,Timothy Fleming,5K3zKBDf##,smithheather@example.net,2021-10-29 05:54:06
440,Amy Hall,&9*@HUgc,matthewchoi@example.org,2021-09-04 23:34:48
441,Steven Washington,$fN9ZC3m(,matthew60@example.org,2021-04-13 22:50:08
442,Marcus Simmons,#MD3QlQtU*4,derrickforbes@example.com,2023-02-10 08:12:03
443,Harold Franklin,H13VciD_^TB,brian01@example.com,2020-12-26 02:14:50
444,James Williams,q_3T06Sv4Zoc,ruizjames@example.org,2021-09-09 05:18:48
445,Jeffrey Robertson,#4Vhfa3,judywhite@example.com,2021-12-17 20:16:16
446,Kathleen Curry,E5$0O9lHnPMLEV,kristineharvey@example.com,2021-10-04 17:55:30
447,Kristy Burton,(i&CZndmh2c&,austinlopez@example.com,2021-07-21 03:00:38
448,Jesus Rodriguez,@7z4Nb_b,william95@example.net,2022-10-25 02:58:24
449,Alexa Lozano,ubY2gNkm)L2z,tgillespie@example.com,2021-01-29 21:05:19
450,Karen Alvarado,2!U9Ys,hamptonwillie@example.com,2021-06-05 11:05:57
451,Stuart Davis,H$I3EQts,kimberlychapman@example.org,2020-11-15 23:06:06
452,Michelle Hanson,1s$6aSuq,xsullivan@example.org,2020-06-12 01:09:07
453,Tracy Morris,@OHtRHer)7_6S,ryanparker@example.org,2020-04-08 04:34:15
454,Kiara Lutz,h!3U6mUo^,jennasanders@example.net,2021-10-27 06:52:54
455,Danielle Clark,)0Cm@V8J1YkFf,stacey63@example.com,2022-06-29 14:16:10
456,Kimberly Booker,^6K!yd,ule@example.net,2022-09-12 14:38:33
457,Kelly Williams,T!3oACl8,aliciasmith@example.com,2022-03-27 07:57:48
458,Aaron Black,!%N8Zxq,jlopez@example.net,2021-06-22 09:46:55
459,Joseph Chen,L#gjeqjhE29T,nclark@example.org,2021-01-28 16:15:23
460,Amber Medina,W$I0jQDq)(x^4r,christinadaniels@example.com,2020-12-16 05:47:07
461,Tara Rowland,#Z^6lW1xRatt,brianjuarez@example.com,2022-01-07 18:17:39
462,Stephanie Guerrero,_F2KQx,hoffmansandy@example.org,2020-08-20 16:11:15
463,Caroline Williams,$1cWC4Mf,wlindsey@example.org,2023-04-30 22:32:23
464,Renee Thomas,TH4Z+hFb3F)KWv,jayhill@example.net,2022-04-21 07:22:42
465,Joshua Gonzalez,*B(Aqq6KBW7,johntorres@example.com,2020-08-02 02:58:22
466,Christopher Brown,+M*0C$n,edward13@example.com,2020-08-28 14:55:16
467,Aaron Woods,@zuoj7GvqZ,johndavis@example.net,2023-01-10 04:17:19
468,Steven Anderson,Ns9LRc6u#7o,evanskirsten@example.net,2021-10-18 08:31:40
469,John Hess,H7sxx@Qr&,kyle55@example.org,2021-03-18 11:37:38
470,Brenda Perkins,E0q+9n0p7CkZ,kmartin@example.org,2023-01-17 23:47:17
471,Thomas Martinez,$d^8Il,navarrolisa@example.org,2023-02-24 00:26:43
472,David Bennett,U^0S4ju_Ssak,abarry@example.org,2021-09-29 07:38:35
473,Samuel Clark,9#gIzgutIr9roH,eriley@example.net,2022-06-30 02:00:32
474,Dylan Dixon,kpH4z!zCl^6$8,fordmark@example.com,2023-04-05 12:01:14
475,Laurie Ingram,_3*TFj,fsmith@example.net,2023-04-16 18:47:54
476,Shannon Chandler,*e72%EmTBoW,michaelbradford@example.org,2021-08-08 20:03:54
477,Julie Cortez,*6OZ2zwp@O^,yukimberly@example.org,2022-05-04 11:15:58
478,Brian Humphrey,N+18inJhH1D,stewartjoshua@example.com,2020-06-04 12:37:04
479,Angel Sweeney,#p1lTkp,wwilliams@example.com,2020-04-02 20:17:56
480,Christopher White,3*3WQQs,kelsey30@example.com,2023-01-27 20:47:11
481,Dr. Patricia Shah,791CedYyA$(FA,melaniekeller@example.com,2022-10-27 13:44:30
482,Vincent Hull,!kGb5v136Qvf3,mthompson@example.com,2022-04-13 10:25:19
483,Monica Reese,&6%TKjv1#Wy,valerie76@example.net,2021-08-27 17:38:37
484,Maria Barnes,o^1Ddu,carrie73@example.org,2020-02-28 06:25:00
485,Melissa Nguyen,OdY_1gTl*r&,sparksdavid@example.org,2020-03-02 06:19:51
486,Stephanie Mayo,#&0bNs,losborne@example.org,2022-12-30 01:09:52
487,Rick Smith,!0XZ(t,joshuamcclain@example.net,2020-07-26 13:21:44
488,Karen Bush MD,*xC6GecY46ud%s,dmartinez@example.com,2021-11-06 01:31:33
489,Lisa Sanders,n@8OLsd1)hqO,william19@example.net,2020-02-07 18:56:10
490,Mary Pierce,%@G4QmJmK,rachelwagner@example.net,2020-09-28 08:30:38
491,Matthew Greene,#hJ7Fg0v$,eromero@example.org,2023-03-22 06:14:55
492,Ryan Jackson,@1PdCkg+,nbrown@example.org,2022-07-22 20:13:53
493,Samantha Anderson,+4nCv9,smithwayne@example.net,2023-01-06 17:27:59
494,Karen Smith,h@Z2hz!L0#7Yxj,lindsey69@example.org,2020-12-15 00:43:48
495,Traci Everett,(7m@EHZtozk,watsonjennifer@example.org,2022-09-03 04:41:32
496,Bradley Jones,^!6O^Ehp,aaron45@example.net,2020-11-19 20:44:35
497,Gregory Dawson,y$2KTrFU&N,alexis98@example.net,2020-08-22 09:46:21
498,Jennifer Jacobson,@4Dd3Sx),irodgers@example.org,2021-06-09 05:25:38
499,Jenna Collins,H8kd8lTa(UfX,cbeck@example.com,2022-01-24 16:50:45
500,Patricia Leach,U3F_*KXet&HKA&,whitneythomas@example.com,2023-04-05 06:52:52
501,Christina Rush,_J$jPsUu(5Y,jeffreyparker@example.org,2020-01-29 03:17:16
502,Jason Contreras,$WA9Qq,fking@example.net,2023-03-27 08:20:38
503,Amy Martinez,yJ@9W5Oh,zimmermankristina@example.com,2022-01-23 16:09:35
504,Andrea Lee,#X7Bkg@@Th,pamelalawrence@example.com,2021-04-22 22:10:08
505,Anna May,etD(VGt8LP%1,leebrenda@example.org,2021-08-20 09:01:09
506,Marissa White,RyJXKOt__W5d3J,amanda35@example.com,2021-12-29 11:29:14
507,John Vaughan,$9HPgw,nelsonhector@example.com,2022-12-02 03:38:01
508,Drew Garcia,B!2R(YiD,tracey31@example.net,2023-02-18 03:06:42
509,Christopher Owens,@+QOF*yk)4,adam35@example.com,2023-01-17 13:59:49
510,Debra Lowery,4^^7A(a,jessicamartinez@example.org,2022-07-02 19:38:45
511,Debbie Collins,6JA^&i_y#yAqH,andrewweber@example.org,2020-11-21 08:50:41
512,John Pena,v9Uw7H4l@5dosO,melissajones@example.org,2021-11-13 13:39:58
513,Dr. Heidi Montgomery DDS,7(J2Pq,nelsonmark@example.net,2020-11-07 23:05:04
514,Charles Neal,_48SXc,sandovaljon@example.net,2020-10-24 21:07:13
515,Alexander Cruz,l%s2ZZo,smithamber@example.net,2022-05-20 06:36:42
516,Christina Jones,0FVnFVDW*,esimpson@example.net,2022-03-05 06:21:53
517,Martin Gonzalez,P9EKd#xx)eAW,jenniferclark@example.org,2022-10-05 19:00:38
518,Colleen Wood,G$3@XMm1,morganbush@example.net,2021-02-26 20:29:18
519,Laura Moore,zju67gf3^6+fN,jonathanpittman@example.org,2023-01-25 12:52:02
520,Corey Giles,J8u0CT(i^4,miranda38@example.com,2022-07-29 21:26:19
521,Theodore Norris,)06HHt5,woodjustin@example.org,2022-07-21 09:35:27
522,Kenneth Castro,p5cByHt6$gtsu,bowmanrobert@example.com,2021-08-12 10:31:26
523,Kevin Silva,$^8Z!zN*rk6noM,terri55@example.net,2021-02-23 22:08:31
524,Carrie Reynolds,!NUurbgUk$44D,clynch@example.org,2022-05-18 07:03:28
525,William Holmes,+)6PBqfx8O,timothyward@example.org,2021-10-30 15:39:33
526,Kristina Page,8%0NVv,sscott@example.org,2023-03-27 19:35:59
527,Mason Hall,k7+r8tAx)wK,luis96@example.net,2021-09-04 08:27:31
528,Kevin Byrd,C%7J3BeN&,andrewshannah@example.org,2020-11-02 03:46:31
529,Sandra Vasquez,vm8BRNbR%8m,bullockkenneth@example.org,2020-03-10 01:02:46
530,Justin Campbell,@&CL0Zu,bob02@example.com,2023-04-22 22:18:12
531,Danielle Martinez,(#8PQa,allen83@example.org,2021-01-19 22:18:05
532,Ms. Christie Strong,^Fk2RgS,matthew28@example.net,2020-06-10 04:15:25
533,Drew Hawkins,6+Zm9(ZW^n4,howardjulie@example.net,2020-06-05 22:12:27
534,Terri Garcia,w@(5I+nncpcxPZ,judith04@example.com,2022-04-16 21:22:25
535,Donna Dickson,%^%6fbGd,dwright@example.com,2020-03-25 19:42:14
536,Victor Murray,2g+sk5VHW0L2OW,amy35@example.net,2021-01-25 14:55:16
537,Kelly Dalton,^!9)LMYl+mIk,mburton@example.com,2022-10-29 13:55:05
538,Jonathan Massey,Yf+02@Ca,maria77@example.net,2020-09-01 09:19:30
539,Tammy Vargas,h(b01JdD,catherinepena@example.org,2023-05-16 19:30:05
540,Victor Pitts,&3ZR*SnmgjPT,uking@example.net,2022-06-02 10:35:53
541,Manuel Taylor,n@0PI7o,thomaspam@example.com,2020-09-12 00:36:10
542,Stephen Willis,*7*(Ec,hhenderson@example.com,2020-07-29 17:35:55
543,Jennifer Crawford,hd#5Erk+#l2HI,cooperkimberly@example.com,2021-07-29 10:33:11
544,Cassie Jones,G&BXrmVy!9MMR,ianrichards@example.org,2022-07-16 09:21:05
545,Mia Diaz,GHR(%aDncl&9Fi,hadams@example.net,2020-12-31 10:10:43
546,Sarah Cardenas,gzZ+9Tyx8,ecastillo@example.org,2022-04-14 08:52:30
547,Dr. Melanie Alvarado MD,#M9G*aa5,shannonmcmillan@example.net,2023-04-11 19:31:34
548,Jason Lee,K)5HlmR,michele25@example.com,2021-12-09 16:20:07
549,Samuel Zimmerman,%SLeJ#vI_3,dshaffer@example.org,2020-12-26 15:39:34
550,Aaron Mercado,C#Rr7EEgXzyNxM,dana48@example.org,2022-11-29 06:57:51
551,Traci Olsen,*6gMa#,jonathan82@example.org,2020-09-12 10:20:25
552,James Pierce,balPRtkN!@l44n,lisa53@example.net,2022-12-03 17:40:16
553,Duane Maddox,%7ty#q(BgO4Vg,jason42@example.net,2022-04-25 08:31:42
554,Danielle Merritt,&KBYIs%CxY1nsH,rileygrant@example.org,2020-10-22 21:28:03
555,Jordan Smith,G*JAG7fE+Y2(W,dking@example.com,2021-12-09 20:50:38
556,Daniel Butler,vf@5SoK@,michelle55@example.net,2022-06-30 20:35:06
557,Kelly Calhoun,Dh$@#Uuxjb&7B9,sharonmorgan@example.org,2020-03-07 21:33:14
558,Joshua Jones,ymGCz^se@Tv6,kimberly65@example.net,2023-02-02 17:44:21
559,Jessica Ruiz,y(ixh8Llq%J,richardsmith@example.com,2021-10-18 21:32:23
560,Melissa Powell,n)3J_^n_l,tammy73@example.com,2022-06-14 20:52:29
561,Darryl Bullock,w4IIuKqh+@,cturner@example.net,2020-11-24 04:41:16
562,Heather Hickman,ekyG36Dj+#,andrea66@example.org,2021-10-29 19:26:01
563,Frank Murray,jJ2!D5gF3#wUu0,rdunn@example.org,2020-11-20 06:48:35
564,Sandra Randall,OMc8K5Jw@03,danielle04@example.org,2021-11-10 21:30:43
565,Alex Thomas,+5J7^E!w,bonniemcdowell@example.net,2020-05-27 00:05:46
566,Julie Wagner,@XV$FUXkp6%,john74@example.net,2021-05-04 12:17:01
567,Mrs. Carrie Benson,*z5ch*Sm%Y,josephflowers@example.org,2022-07-13 18:02:50
568,Kristin Rodriguez,v4ZklmFw%,hebertamanda@example.net,2020-09-20 13:54:41
569,Yvonne Barnett,@$Z4Av,brianafernandez@example.com,2020-03-05 14:53:39
570,Brian Baxter,*ozFpvsztMs6,chandleraaron@example.net,2021-10-25 18:19:58
571,Robert Chapman,)2M^TLi0,brandy65@example.net,2020-09-02 09:09:09
572,Denise Henderson,o$x2zEzi,huberjohn@example.com,2021-06-10 00:29:42
573,David Hill,7*0JEqt,walkerlaurie@example.net,2020-01-09 10:01:51
574,Aaron Gray,P5r3Gr@Y*f(fsb,wmckenzie@example.org,2021-01-22 13:01:39
575,William Adams,g#8Pe6,benjamin20@example.com,2021-07-15 10:50:26
576,Paul Pierce,^7zR!hPx,mossalexander@example.org,2022-05-26 17:46:42
577,Emma Ward,k*XHoyR!Az7,nwade@example.org,2021-08-05 20:14:45
578,Carrie Lawson,^EPsK*Lwo5,msanchez@example.com,2020-12-15 07:01:23
579,Madison Andrews,$yWc7JTdd,amy71@example.net,2020-07-09 13:09:41
580,Kelly Jimenez,hR%9JW0s,salazartaylor@example.net,2020-08-29 23:38:16
581,Maria Jordan MD,Ur0y+xHB*hzXT,qnash@example.com,2022-03-28 15:32:34
582,April Marshall,^DnIxibQX%0h,aevans@example.com,2021-10-19 07:36:18
583,Kendra Nelson,ZZ(CJmbcka1++,clittle@example.com,2022-11-08 21:00:16
584,Mitchell Cooper,__8QCxamK%00R7,hendricksmary@example.net,2020-10-12 14:15:26
585,Heather Medina,#j8kXs,chasesamuel@example.com,2021-02-01 00:35:09
586,Stephanie Mejia,mj%%7vi*0Y+4Y,markwise@example.com,2021-02-28 14:37:30
587,Joe Gonzalez,!Gd1Hp,kristensullivan@example.org,2023-04-27 15:49:46
588,Raymond Jenkins,_Po6Ta,andrewssamuel@example.org,2021-05-04 17:57:25
589,David Dunn,Ox^^0TWlng1,xmclaughlin@example.com,2020-05-03 09:09:52
590,Alyssa Bass,f03wg*L9*b*Wu,asandoval@example.net,2021-04-10 23:10:02
591,Rachel Wilkinson,c$i8WcoP+bcZ,michelemalone@example.com,2022-01-30 11:37:29
592,Tyler Johnston,&6Tb(C,reyesmadison@example.net,2020-08-22 12:14:32
593,Tyler Williamson,0jTeb6Y_)q7,oramos@example.net,2023-03-18 03:24:42
594,David Ward,kj(*SP(zuQ326,tammyharris@example.com,2022-11-04 20:15:54
595,Max Jones,%$#UldYVHI4v,emily94@example.net,2022-10-26 11:06:26
596,Melissa Irwin,Sl73ZEr0_,andersoncolin@example.net,2021-04-06 23:34:44
597,Timothy Wright,0(1Er1,marshjessica@example.org,2020-02-10 02:49:26
598,Meredith Powers,$l8lL(0s6(k,vegamichael@example.net,2020-08-21 01:39:36
599,Amy Henry,r&6Qoh,rhonda93@example.net,2022-02-28 13:08:48
600,Kathryn Robles,%X8g5OZpBS,tara64@example.org,2022-04-06 20:48:18
601,Dr. Miranda Lawson DVM,4GWtJZe8$k1,hurstjason@example.net,2021-03-14 04:58:03
602,Timothy Nielsen,!1$p3Qkb44KI4,vbryant@example.com,2022-01-26 10:08:24
603,Mary Green,hY(J3H6r),kimberlybrown@example.net,2020-06-05 10:33:25
604,Felicia Blake,(PS7Wz,pettypaul@example.org,2020-01-10 07:51:14
605,Miss Jessica Rodriguez PhD,L9H+nwKzNm82X@,hollygreen@example.net,2020-06-01 05:28:54
606,Tyler Wright,_j$JYsJxBM8e,roydavid@example.org,2022-02-03 10:56:00
607,Justin Reyes,u99IgGfY&Vrp,david44@example.com,2022-06-24 02:46:24
608,Christopher Walker,#%7V(o,matthew01@example.com,2021-04-21 20:41:07
609,Emma Adams,P#77H1i(*T,omiller@example.org,2021-05-07 18:10:24
610,Tommy Gray,!U!1Olz,cfleming@example.com,2020-08-22 08:25:02
611,Mary Garcia,z@(9NGi,christopher40@example.net,2021-03-11 23:58:15
612,Jenna Riley,(y0nEr,wperkins@example.org,2020-08-02 18:42:28
613,Rhonda Walker,(s57Gfkzl(ha,ibailey@example.com,2022-12-25 08:35:36
614,Brian Ford,bDUOS)1b^t437,ethanglenn@example.net,2020-09-04 14:54:34
615,William Shaw,(3XE4*lzM,roberto35@example.net,2022-07-16 02:19:30
616,Mr. Curtis Harrison,q^9QdalP&AIwK,douglas75@example.net,2020-07-14 22:46:34
617,Michelle Stein,%FZI%sBB+4FohE,cookronald@example.net,2020-02-26 21:52:34
618,Todd Beard,^6KkdR,scott98@example.net,2023-05-09 01:45:45
619,Bethany Douglas,V31$Gwzcy&,freemanmichelle@example.com,2020-09-10 05:39:23
620,Lisa Johnson,0CNOE6mT)IRyDn,dmccann@example.com,2021-10-29 08:02:08
621,Sheila Collins,Q#7puMkh),jonesmichele@example.com,2022-12-05 14:16:41
622,Mr. Jeremy Freeman MD,Dj3lAJ9l%$s1,flang@example.org,2022-07-14 10:48:46
623,Trevor Price,L%6LMsqg^e,tommy00@example.net,2022-12-15 21:23:37
624,Craig Colon,3(3DQg%$arQ,mistygomez@example.com,2021-01-13 18:05:02
625,Jennifer Smith,&2Nd4E,wlane@example.net,2022-02-05 21:48:55
626,Wesley Shelton,nB3OBMw((o2GZe,shieldsheather@example.com,2022-09-28 07:59:43
627,Michael Nguyen,_Y0^CJx,kennethbrennan@example.org,2020-07-08 13:42:06
628,Craig Sanders,pdg88QIy+vL&0w,rwu@example.org,2020-03-31 13:26:32
629,Christopher Higgins,&(7TDdh,angelica03@example.com,2022-10-26 11:04:32
630,Sara Black,w3XNlY!b&C,brookscarlos@example.org,2020-06-05 20:55:14
631,Brent Griffin,820S62QC&ni4wn,rivasdominique@example.com,2023-01-02 03:52:49
632,Roy Walker,I+A^%HdoVEQ8!,evelyn50@example.com,2020-11-15 16:48:56
633,Melissa Newton,oE*5LIhDV*QB,christopherblackburn@example.net,2020-06-29 08:13:09
634,David Doyle,v+3UNNyr6JR,rebeccaallen@example.com,2023-04-05 17:22:59
635,David Mitchell Jr.,$6NnWxj,fgill@example.net,2020-06-02 23:36:55
636,Amy Clements,)(Vu^C#qJo7b,veronicahill@example.com,2020-02-21 21:12:16
637,Lisa Elliott,$2t2+SGfb,kschneider@example.com,2022-09-03 06:33:18
638,Sean Weeks,_$%U#vWny%7Fqd,fowlercheryl@example.com,2020-01-04 01:51:37
639,Laura Eaton,Z84IMKt#T%,leonkelly@example.net,2021-11-12 09:12:29
640,Justin Martinez,&fPW2hLs,huffluis@example.com,2020-01-22 09:27:10
641,Sean Moore,$5QJ8QBemVA&a,rsharp@example.org,2020-06-08 14:54:26
642,Tammy Pierce,D2lM(Sf0$Mf,dkent@example.org,2020-09-04 18:17:02
643,Samantha Andrews,11IrcJT3(,wlopez@example.net,2021-01-25 18:30:00
644,Brian Owen,mqL1ND8v#(a,davidperry@example.com,2023-01-17 00:07:27
645,Mr. Caleb Shepard,Z8YRQ&N)i3U%q3,lindsay32@example.net,2021-07-03 20:06:44
646,Tamara Beck,bi9B&d%7D),rschneider@example.org,2021-04-01 20:26:29
647,Danielle Adams,*M+3I4g,steven72@example.net,2020-10-24 09:37:46
648,Heather Hicks,p%0P_9rb^vT9jL,jeffery33@example.org,2021-02-18 07:00:56
649,Laura Lozano,(%VPFpVkDE29,scott73@example.net,2021-06-26 13:05:37
650,Tammy Mathews,rA9+C6qhug^,whayes@example.com,2021-06-07 03:24:40
651,Yolanda Vaughn,ah4DTy8jg+x,joshua51@example.org,2023-03-09 22:38:58
652,Kimberly Hernandez,$1HBXaGRg@WtbC,gcarter@example.org,2021-07-23 16:25:56
653,Jessica Moore,)+XnamUuWHY4,kelly08@example.net,2021-01-13 05:02:08
654,Catherine Myers,PG(63EIu2,kathypalmer@example.org,2023-02-25 02:25:18
655,David Brown,!6NGHMe7rv,anthonyhopkins@example.org,2020-01-10 04:54:43
656,Ebony House,+4Z#qVsp,leslie13@example.com,2020-10-17 18:49:22
657,Jessica Bryan,hLCfbH+E)5*!,crystal31@example.org,2020-07-07 11:12:47
658,Jordan Schultz,^2B1tFxmBOxM^,davidallen@example.net,2022-01-25 22:31:16
659,Krista Kelly,@p0RB3Js+,ericjoyce@example.com,2020-12-04 12:33:11
660,Kelly Brown,$cFaItoR8S0li,smays@example.org,2021-11-14 18:53:13
661,Dawn Parker,LqWlSpF8P1%gd8,heather50@example.com,2021-06-21 05:00:45
662,Jodi Hodge,!_*j2Jk,martinjames@example.org,2023-03-19 10:42:15
663,Rhonda Poole,^VTUJ)bv5w,stevensrichard@example.net,2021-10-20 16:14:27
664,Nicole Warren,@CjbQBZa9B,stephanieriddle@example.org,2022-07-31 04:19:39
665,Blake Carson,Fxo23Gr_##*%BW,fwilliams@example.net,2022-12-01 22:47:50
666,Eric Mooney,2+J7rWcjj+$,sullivanjames@example.net,2020-02-17 20:41:48
667,Jeffrey Wilkinson,!0i(BWe,rachel70@example.com,2022-02-21 09:54:05
668,Margaret Fisher,74*7JjP,louisrodriguez@example.com,2020-09-17 20:17:21
669,Frank Payne,x+@9k*htbMrAZZ,william32@example.net,2021-12-13 05:14:42
670,Loretta Brown,$4Skjg,jacobsonjared@example.com,2020-09-19 14:35:03
671,Lisa Bennett,+e3b9Q8l^,alexandriaperez@example.org,2020-08-18 11:59:07
672,Suzanne Johnson,^4AQWtxaBn,amanda18@example.org,2020-04-19 05:30:15
673,Chris Sims,I5*1Si,jmeyers@example.org,2020-07-24 03:49:55
674,Robert Schneider,!&v6UXA1p&BOvZ,stevenwalker@example.com,2020-03-02 16:50:37
675,Rachel Smith,&L%9IGsd!,petersonwilliam@example.org,2022-01-22 01:56:29
676,Edward Thompson,(Z01Nw2,susanvillegas@example.org,2021-09-28 10:04:38
677,April Henderson,Xqg6goSz@7H7,jacksonsusan@example.com,2021-10-25 15:20:14
678,Sandra Carter,%4S0f9hKE7tp,christopher66@example.org,2020-09-05 22:25:17
679,James Green,K*@3+0Cg2ZUiNZ,mitchellcourtney@example.com,2022-03-31 23:16:37
680,Kevin Harris,)T9tOq_5p)*xOe,melissameyers@example.net,2022-06-30 23:25:29
681,Jennifer Carlson,+_2IHA(#WppvlP,jerry45@example.org,2022-03-12 00:29:10
682,Allison Golden,@k3ASZSh,david89@example.com,2021-11-08 15:01:26
683,Todd Conley,DE7iig)w#(Gmn,dwelch@example.com,2021-09-17 15:06:38
684,Stephanie Kim,5c4hLZKtG%LYh,michaelcampbell@example.org,2023-04-19 02:13:54
685,Tanya Carroll,CpZ31E^ZE)az,elizabethnorman@example.com,2023-01-10 16:30:36
686,Jamie Woodard,#_RD)kty45CC,ericaalvarado@example.org,2021-01-26 15:23:18
687,Michaela Lee,O_8KsV$,hweber@example.net,2022-02-05 00:13:53
688,Gary Patel,coXQ8Xpg0$c2,escobarrachel@example.org,2022-10-21 18:11:40
689,Kathleen Walton,4+7XhE3j#,powersjennifer@example.net,2020-10-17 13:46:05
690,Holly Dickerson MD,^0DAcs,jasminewest@example.net,2022-11-11 19:31:04
691,David Taylor,U@0PSpw,uwhite@example.com,2022-01-31 08:13:53
692,Cynthia Lawrence DVM,op^)1TTcY(,evelynpetersen@example.net,2022-10-25 17:29:44
693,Julian Lopez,flJf02SZe%)bO,joymoore@example.net,2023-04-25 08:29:55
694,Andrew Patterson,b^5(^y89cpBLL,scott55@example.org,2021-08-07 20:23:54
695,Andre Garcia,y2BoxADw+3%,billy16@example.org,2022-01-19 06:01:01
696,April Juarez,!4Wh!y,claudia05@example.org,2020-03-19 06:49:28
697,Kristina Young,&N9z6Qv,mallen@example.com,2022-05-29 01:18:04
698,Manuel Mathis,k*I6YVk@AA%Gs,zwashington@example.com,2021-02-19 07:57:26
699,Lisa Brown,k4Zz(Tt*)3H(FZ,bryanho@example.net,2021-12-03 23:06:30
700,Kyle Clark,Wm$3HMYa_bh,sara97@example.net,2021-10-27 08:03:58
701,Justin Christensen,*c0p3dZa9k2B,parkeralexis@example.net,2022-08-11 16:11:01
702,Rebecca Johnson,#5KkK$!,kimberlyknapp@example.org,2021-08-20 21:27:09
703,Daniel Johnson,z)MD!7Up,sreese@example.com,2021-11-02 22:33:50
704,Karen Weaver,$3AmdtB*,mcdonaldanna@example.net,2021-10-21 03:35:44
705,Christopher Smith,(4B+kr,fgeorge@example.net,2023-02-06 10:16:29
706,John Hammond,o3BKvcq7(2,gabriellecontreras@example.com,2020-04-11 05:13:16
707,Danny Allen,^$4U3y,beasleytaylor@example.org,2020-03-15 06:23:24
708,Michael Floyd,x0lKp1pd+FE,michelle00@example.com,2021-07-25 11:03:19
709,Mark Murphy,*j)0hTCtb(2,campbellvalerie@example.com,2022-09-08 05:45:36
710,Nicholas Hernandez,w8S_D&jy*SB8$!,robertramos@example.net,2023-01-30 18:19:07
711,Vincent Grant,9#3IVt,johnsonjoshua@example.org,2021-06-10 21:47:28
712,Justin Perry,@19CUb,kellibrown@example.com,2020-10-01 17:00:23
713,Thomas Hardy,^M0(TisFp@,nrobinson@example.com,2022-08-23 06:07:56
714,Mario Gonzalez,K_4jMg$,josephyoung@example.org,2022-06-29 05:18:42
715,Jeanette Alvarez,B7AJmKM0%,jennifer69@example.net,2021-03-05 11:45:24
716,Jesse Kirk,^_si4Bp,greentoni@example.net,2021-01-31 00:18:32
717,Brooke Clark,_516RGFc,fjensen@example.com,2020-08-06 16:36:22
718,Kimberly Murphy,@l6Ekj,pughashley@example.com,2021-11-14 06:01:50
719,Kelly Bowman,@90aXi,julia93@example.com,2020-09-10 05:25:26
720,Kristin Rodriguez,s1CVlmGNtv@^k,jamiepennington@example.net,2021-12-31 22:50:07
721,Joanne Conrad,KOq1N&KyL^,alexismcbride@example.org,2021-04-27 03:24:38
722,Caleb Gray,+qAl0PBnRG@,ymoore@example.com,2020-04-20 17:26:58
723,Danielle Alexander,$5Ona+T,jessicajohnson@example.com,2021-09-04 00:19:58
724,Kristi Washington,vIvHKy@@^1StR!,christina10@example.org,2021-04-30 21:14:25
725,Stephen Friedman,!0JtAk,lguerrero@example.org,2020-06-03 10:31:20
726,Ashley Boyd,DOZ+7GkeFw_,theresa57@example.com,2022-01-14 22:09:54
727,Victoria Fuentes,t(zv96Exjf,alvareznathan@example.net,2022-03-20 20:39:30
728,Joshua Webb,#@i1TxE,ctucker@example.com,2022-10-10 16:58:54
729,Stephen Owen,(N7Mwef,millerteresa@example.org,2020-01-24 17:40:43
730,Danny Baldwin Jr.,4gKE3A!d^,kaylapierce@example.net,2020-10-21 23:12:11
731,Samantha Hunt,tK(m4T%e(4oC,brittanygilmore@example.org,2020-10-28 00:52:51
732,Cynthia Kelly,RHz_1Ju,hdominguez@example.org,2022-09-20 20:59:30
733,Joyce Ellison,Xr*h3N6t1n,amy46@example.com,2020-06-14 14:34:56
734,Scott Juarez,(+8TOqJA$,jacob27@example.com,2020-01-24 01:41:07
735,Darren Lopez,)f9CdZEV,kathrynblack@example.com,2023-02-08 23:07:38
736,Alejandro Hardy,s&qO6Yr,monica16@example.org,2020-07-30 21:05:04
737,Scott Martinez,Z*0EjP,zlewis@example.org,2022-01-25 19:25:41
738,Crystal Kim,f$C7JIGtjJLzo,marklane@example.org,2020-12-09 07:54:23
739,Mark Solomon,4@07IGYvBnVeE,clarktony@example.com,2021-05-20 19:06:04
740,Barbara Campbell,5@+I5Kd,maryhill@example.com,2021-06-25 04:14:46
741,Jodi Rivera,hXJ+2Io,juancarter@example.net,2020-05-26 03:59:54
742,Brenda Jackson,&5@GL$Yn,donna40@example.com,2022-09-06 17:59:20
743,Kimberly Jackson,)sg4vDop^,hernandezamanda@example.org,2020-03-21 03:42:45
744,Philip Simmons Jr.,&1d$&buoboS,ksolomon@example.com,2022-02-23 09:37:44
745,Timothy Gill,^#0AKq,jason90@example.net,2022-08-19 12:28:47
746,Dr. Mathew Russell DVM,4@0Gvi,perkinsjulie@example.com,2021-09-28 11:16:39
747,Darrell Foley,)1UA6a,josephwilliams@example.org,2020-05-04 14:09:40
748,Michelle Vazquez,)GF58Nq3,stephanie64@example.com,2021-05-11 20:56:15
749,Lauren Rich,fq_a8Acj,dcampos@example.org,2020-03-14 00:38:02
750,Kristina Brown,%9IZ6SkboV92,gjimenez@example.net,2022-05-15 11:04:09
751,Taylor Lambert,+n5F8Ne9,michael23@example.net,2021-06-14 17:24:40
752,Joshua Burnett,JY7qdoMe^_,staceyturner@example.net,2021-07-28 07:06:48
753,Amy Trujillo,@^1Bo3_Gr,amywolfe@example.net,2020-06-25 04:41:50
754,Jacqueline Beltran,^9mYM$OgLr)JUp,qbrewer@example.org,2020-12-07 14:18:42
755,Phillip Klein,qU!2D5Kx,willie41@example.net,2021-05-01 01:01:42
756,Sara Bryant,u)Q3xJIvtH,mccormickregina@example.net,2020-08-19 03:12:51
757,Candice Kramer,#M@0Bxt2,gclements@example.net,2020-02-26 18:32:51
758,Kelsey Collins,_Mf2SrGxi91,rachelkelly@example.com,2021-05-31 19:54:21
759,Kenneth Stokes,5G&FtxHj),clayton04@example.com,2020-06-24 17:13:55
760,Brooke Williams,B8dJJmcr&,nguyenrachel@example.net,2020-03-13 12:19:24
761,Ariana Cross,@6WZeu,rhondasilva@example.org,2022-08-11 00:27:29
762,Monique Contreras,8$6yWk_Ussz^Y,cortezsusan@example.com,2020-12-05 04:16:12
763,Karen Castaneda,+3G1Es,piercetina@example.org,2021-06-28 21:00:17
764,Philip Macias,68*e+w7j*8oD,kara93@example.org,2021-07-31 12:52:54
765,Howard Mcknight,^2GX^n8,kelly07@example.org,2020-07-13 08:12:08
766,Brent Berg,2#tA0gjz),william97@example.net,2022-02-08 15:28:17
767,Michael Wright,_Y5rqvQRK*R,charles60@example.org,2021-09-24 14:27:14
768,Amanda Davis MD,&b42tZe,mendezandrea@example.com,2020-08-19 02:41:01
769,Alicia Hanson,zpX3_TuH)@U5RA,theresabrown@example.net,2020-02-05 16:31:10
770,Jeremy Hobbs,)!4M5*W6ydPD#,trichardson@example.com,2021-09-07 04:55:39
771,Stephanie Douglas,x52kQHri#^,maurice95@example.net,2022-06-29 15:05:16
772,James Allison,3@k1kwbc_3L,hovalerie@example.org,2021-09-30 00:24:15
773,Suzanne Williams,(9mJ)u$+82AS,xsawyer@example.org,2022-05-24 07:53:47
774,Joseph Lawrence,yOPA17Lxb!E,kevinmcdaniel@example.com,2023-04-01 22:53:53
775,Brian Sellers,CLn*FhiJe2ABw,ofarley@example.net,2020-11-05 22:20:37
776,Bradley Doyle,dNI(fh*c)4BA2,sarah39@example.net,2022-01-17 16:21:19
777,Dr. Shawn Marshall,vU44Rod#&lXQ,paula85@example.org,2020-04-28 22:32:40
778,Edward Chen,R*0#dlmW&012R,brandy83@example.com,2022-03-25 22:08:02
779,Kayla Lee,_8u2Ub,mcdanielkatrina@example.com,2021-10-02 18:31:23
780,Connie Morales,Ah7Msqg7@d,timothy73@example.net,2021-12-11 07:08:38
781,Mr. James Garcia,bA!3wrKl,kennethhaynes@example.com,2020-09-12 12:53:28
782,Dr. Kendra Johnson,a*L2Fhxh,millerjeremy@example.com,2020-08-14 14:16:09
783,James Williams,C$3q3Ib,tanyamoss@example.com,2021-01-11 02:42:17
784,Kimberly Blanchard,$0M2$bZ,carolynbarnes@example.net,2022-03-22 09:28:34
785,David Sosa,mpM4yWizELX_,stevenroberts@example.com,2021-07-17 08:47:37
786,Ebony Phillips,!$E6Cc6C&,mkrueger@example.com,2022-05-08 15:59:18
787,Justin Richardson,q#6zHX_H(kK1,crystal08@example.net,2023-02-18 14:38:01
788,Meghan Gutierrez,x)8Nl+Wo3,chelsea54@example.com,2022-05-03 06:51:19
789,Michael Vance,j@5Y7dZp,pvalentine@example.net,2021-12-01 23:09:22
790,Anthony Ellis,_X^0W%qm,carolpittman@example.com,2021-03-09 23:49:04
791,Adrian Young,(@2Zqj0gV@,ybrown@example.com,2022-06-01 00:12:28
792,Dr. James Garrett,%Rcl50Nle2Bra,williamsgabriel@example.net,2022-10-04 05:11:22
793,Jennifer Hayes,^31Erv0ffIJ,donnabailey@example.net,2022-06-16 21:53:32
794,Christopher Rogers,_@EAJQSo#201ON,iwelch@example.org,2020-05-19 12:01:54
795,George Hunter,m(0&zZGy,sgardner@example.com,2020-05-23 01:02:01
796,Courtney Rogers,_G8Z68zB6(H,ibowman@example.com,2021-01-17 23:24:06
797,Erica Barnes,j97DqXm)_RQI,joshua13@example.org,2022-06-09 09:25:06
798,Kelly Hampton,%3Z5Xj,pwatson@example.com,2021-05-06 21:57:32
799,Walter Turner,@3RTrRp,samantha88@example.org,2021-05-17 20:02:38
800,Catherine Rogers,MN_%1Hf*,dray@example.com,2021-03-05 09:30:42
801,Katrina Robinson,^s2E3h,kenneth53@example.org,2020-03-23 06:58:55
802,Nicholas Harris,an^8GqsA_f*!Cr,proctorshannon@example.org,2020-01-10 14:29:22
803,Wendy Johnson,+g5J+vj,sthomas@example.net,2020-03-28 12:35:19
804,Carl Bonilla,)8WZww!,cruztyler@example.net,2022-03-19 12:20:03
805,Richard Miranda,t!f+)KQd%95,janetshepherd@example.com,2021-02-01 14:30:23
806,Amanda Harris,&t6Qbd$Vq,heidimcdaniel@example.com,2022-12-31 18:56:25
807,Anthony Weiss,^4zZMoyTy,clarkbridget@example.org,2020-09-26 05:32:19
808,Jordan Rich,&p+FmM1uq8,bakerchelsea@example.net,2020-05-14 01:36:37
809,Samuel Hobbs,_3+_&tRZmxo1Gh,stephanie99@example.org,2022-03-28 04:30:37
810,Jean Nguyen,!hywicUq!0$h,fking@example.com,2020-06-17 23:51:49
811,Daniel Fisher,)3)rH#W@xe#hCk,barry33@example.com,2020-11-30 11:43:56
812,Samantha Lewis,mi7Lja0d&p,morrowmallory@example.net,2023-01-21 12:15:29
813,Mandy Warren,KF4FziZkP_Ca,emilyjackson@example.net,2020-12-23 14:54:36
814,Brian Howell,V9EoKtdg$,terry67@example.net,2023-02-22 07:57:14
815,Julie Stewart,dr6LTXmuMoY(,ashley61@example.com,2020-11-29 21:51:40
816,William Wallace,+^(7HVm73j4K,wallen@example.net,2021-11-18 10:00:53
817,Mrs. Michelle Diaz PhD,4!+1Ou%S%,jessicabrown@example.com,2021-03-01 09:30:12
818,Alvin Johnson,)9HBo+n!BkPo,garrettmaria@example.org,2020-05-23 20:08:53
819,Sierra Boyer,$(6ESFa,nicole69@example.net,2021-09-26 02:22:08
820,Jason Potter,$iQ)EkP(2Aah,brianmyers@example.org,2022-05-14 20:46:23
821,Danny Mullins,^)5XQqAa,tammymartinez@example.net,2021-12-22 19:50:56
822,Kimberly Rodriguez,K0Pe&DPy#7,brandyvasquez@example.org,2020-10-20 02:47:27
823,Amanda Gill,HZ1Almfa^T,stephen73@example.net,2022-10-12 23:36:36
824,Yesenia Carpenter,zeH_Cror!V+3Dt,melissa32@example.net,2021-08-06 08:01:44
825,Stacy Kelly,&)U3Po,gonzalezsandra@example.org,2021-06-09 03:33:48
826,Donna Fischer,&462Zg,forbesjason@example.com,2022-11-26 11:38:18
827,Amber Miller,rszVcNzn$d5&V_,alexandria50@example.com,2020-04-24 17:49:08
828,Keith Nguyen,rj75YejV$hOX6u,devinwilliams@example.net,2021-05-09 04:11:02
829,Lauren Salinas,U^7FE5srlE),bowmankevin@example.org,2022-04-07 22:06:22
830,Keith Paul,(_P84FgC,amandafigueroa@example.com,2021-06-06 06:26:08
831,Denise Patel,%b&fjM*h^5Oy,makayla09@example.org,2021-02-22 04:04:14
832,Jessica Goodwin,c#H1Ib,ksilva@example.net,2021-07-18 21:03:23
833,Darlene Miller,@RuUW2@pGi0tX,summer60@example.com,2021-11-29 16:06:06
834,Robyn Bowers,po5&yHJMA@c,dominiccardenas@example.org,2020-07-16 07:22:08
835,Ryan Blackburn,C)79Jr0,bcruz@example.org,2020-02-01 18:12:19
836,Joy Ellis,ia79QR+*%)9,uhenry@example.com,2021-12-23 02:34:26
837,Matthew King,@Vt2THx,reeseheather@example.net,2020-03-27 09:12:11
838,Cynthia Moore,%XTtE8Cv6uDpv,lkerr@example.net,2022-02-20 11:14:54
839,Max Norman,*g3Xd6,johnsonrichard@example.net,2020-03-08 02:40:42
840,Diane Johnston,*)ExmR3sM5C3b,robertsamanda@example.net,2022-08-25 02:06:49
841,Thomas Gilbert,Q&9SsH,lisasmith@example.net,2022-08-10 08:59:29
842,Gregory Bradley,Rw(DS3Dph$y1o,marissaburgess@example.org,2020-07-06 11:50:16
843,Katherine Schneider,%6)DEcaEqbNN,cwhite@example.org,2023-05-06 23:29:32
844,Jessica Brown,+7UXHJbM5uZi4j,geraldmcneil@example.com,2022-02-22 18:32:40
845,Paul Nelson,awZ%i4kZgA3,mannchristopher@example.com,2021-01-07 02:00:42
846,Adrian Brown,@7Rk@aeak5L,nathan22@example.org,2023-02-27 14:39:49
847,Jacqueline Dean,iOo2+Ycux+%jYm,alyssafox@example.com,2021-12-21 17:12:54
848,Kelly Reyes,#5LkIl1PWd,cindy71@example.net,2022-04-03 08:08:30
849,Megan Scott,)5RY3fLYZ,zjackson@example.com,2023-03-08 00:10:05
850,Deborah Carlson,*z5q4Un,maureenpayne@example.com,2020-07-30 23:24:51
851,Donna Burns,F*%4XCCu,davidramos@example.org,2022-08-11 19:37:48
852,Olivia Barry,#!6m4x+r5WWLJ,laura56@example.org,2023-02-15 14:43:52
853,Belinda White,!1NWXzb,kathleenowens@example.org,2023-04-20 19:22:38
854,Julie Douglas,)9Aa&4r,zhuerta@example.net,2021-05-18 05:17:27
855,Deborah Cobb,88Q!zVXo(D,maxwell52@example.com,2021-07-14 10:28:38
856,Jason Hudson,koNBahpF&GD3C,lambertjonathan@example.org,2023-04-07 19:16:31
857,Eric Gilbert,8@^85@Fds,kimwilcox@example.org,2023-04-21 22:18:04
858,Karen Ashley,U#75NanC,figueroadenise@example.org,2020-01-20 02:05:36
859,Robert Waters,(#G1xE2rNUIYh7,kimberly19@example.com,2023-03-23 05:29:40
860,Michelle Harper,@L3McEWzGx(,walkerstephanie@example.org,2022-07-30 02:34:18
861,Matthew Norman,p&w8*UlN4lf,johnstonjose@example.com,2021-02-21 05:24:07
862,George Anderson,@+$IR&dSsVR5$,brownkristen@example.org,2020-02-15 21:54:07
863,Valerie Ortiz,2O42U1eRh^ZeCx,lewisjustin@example.net,2020-12-09 13:32:03
864,Misty Spencer,nPD36&GvKBDiqB,schneidermartha@example.net,2020-09-12 22:32:12
865,Matthew Norton,j3Xjtvez!Gr*R,oliviapark@example.net,2020-11-22 23:09:31
866,Katherine Pennington,%&%Zl&flxd7!K,anthonycoleman@example.org,2021-02-08 16:32:22
867,Chris Johnson,2(f34qkk8M,jesse94@example.org,2022-04-21 05:21:08
868,Melissa Mckay,K+VKeUghA*2,barrettrachel@example.org,2022-10-28 19:10:34
869,Olivia Davis,_&6@BjH_xEjolk,cortezapril@example.net,2021-05-04 17:20:48
870,Dean Romero,0TXNphpR#W4&,shannonsmith@example.net,2021-10-19 08:42:14
871,Anna Ward,*DzM7Ke,steven17@example.org,2022-01-11 20:38:06
872,Ronald Wright,#4vH3sm,mgonzales@example.net,2021-12-28 19:09:52
873,Michele Cole,$)c19Njd,stephensdavid@example.org,2020-02-02 21:12:58
874,Charles Mcdowell,6FI5!DHl$MOxW,tbradley@example.org,2023-02-01 16:43:03
875,Lauren Cooper,)wt8Lr,ronald13@example.com,2020-06-02 07:53:40
876,James Alvarez,%7Q5bP1,ryan45@example.org,2022-05-17 19:01:33
877,Cassandra Montgomery,kN8$2Lj,tony10@example.net,2021-11-10 21:42:11
878,Thomas Jones,#5jG!u,allisonholmes@example.net,2021-10-08 09:18:27
879,Lisa Wilkerson,8w7PRQ)j*,spencershawn@example.net,2020-12-22 15:35:15
880,Angela Kelly,wZ(4EhUG,dannyknapp@example.org,2020-07-25 01:23:15
881,Edward Harris,)44Qvz,cmayer@example.net,2020-05-10 11:19:52
882,Nicholas Wright,7*6LbPnJn(R,jeremyballard@example.com,2020-07-25 00:57:14
883,Margaret Meyer,yRaPQvS$8O_1Ys,sean91@example.org,2022-07-17 16:18:17
884,Dr. James Stephens,!0N)$ZSo@N*Mh,robynadams@example.org,2022-07-17 11:01:00
885,Heather Meadows,h(7SZj,michaelbrown@example.net,2021-06-23 20:07:59
886,Adam Cole,3&K9b%Gos,xramirez@example.com,2022-05-01 22:33:14
887,Jamie Johnston,ylc9zrDo@,richardsnow@example.org,2022-05-19 12:56:23
888,Jeffrey Maxwell,@2wJo&,lalexander@example.com,2020-11-24 06:07:08
889,Spencer Davis,^iJ#5jlrMr4RR0,hubbardapril@example.org,2022-08-28 19:53:41
890,Melissa Thomas,+6!USSi,summerseric@example.org,2020-05-30 15:27:08
891,Donald Burton,vUo1xY&c@,tina78@example.net,2020-12-24 17:02:36
892,Lisa Hall,f(4DfqI9_,jonesmitchell@example.com,2020-09-14 02:34:57
893,Abigail Gonzales,$oi5Cup#ef^7W,jamieberry@example.com,2022-07-05 10:02:25
894,Christopher Smith,v8znxp0l%D6M,samuelrichardson@example.com,2023-02-04 10:19:37
895,Derek Cantu,)J1Abenj#,kcarter@example.com,2022-03-11 12:27:21
896,Gina Smith,I0e8ZzqqxZ!L,christopherolson@example.com,2022-10-07 13:31:28
897,Elijah Kerr,S3v%3YBq,fmelton@example.com,2022-02-26 18:53:14
898,Jennifer Anderson,$0Px_95dqWUJW,mikedominguez@example.net,2020-11-09 17:40:00
899,Steven Nelson,2cN!ovBS$UU,mlopez@example.org,2021-05-02 11:54:14
900,John Lee,i*6UBy,tracybarnes@example.net,2021-01-04 20:03:01
901,Brittany Williams,+0+@jLq0bt,swebb@example.org,2022-02-23 03:22:54
902,John Peters,&u12SEbI,benjaminfrancis@example.org,2021-05-29 01:50:08
903,Heather Schneider,gg^KwLCQ)4%,michael90@example.com,2022-07-27 18:04:22
904,Phillip Gutierrez,$8Daq)M6,vhicks@example.com,2023-04-25 16:05:00
905,Samantha Lane,6(B+K7Pb8,michaelmartin@example.com,2021-08-05 22:02:56
906,Stephen Ellis,HR(J(hFj#1,raymondcharles@example.com,2021-10-29 06:14:41
907,Frank Young,F*2hXvs,joshua75@example.net,2022-07-02 07:53:16
908,Mr. Paul Douglas,y!ZN(dZd*7,josephtina@example.org,2022-08-17 21:38:47
909,Brad Rodriguez,3^16UHLcCUCBjX,williammcdonald@example.org,2021-07-26 17:08:52
910,Mrs. Mary Barajas,QHs&^1Tev,archernicole@example.com,2022-05-01 15:11:09
911,Marie Barnes,3YjN1Hps(AzTQ,friedmanmartha@example.org,2020-07-12 02:42:51
912,Douglas Moore,B@2$APbBCJ@N,dchavez@example.com,2023-04-09 03:13:09
913,Dylan Mitchell,he5OZZ14G@q,michaelrobinson@example.com,2020-01-31 05:05:00
914,Randy Meadows,YR%f5Fq%A7MP7,rfrazier@example.net,2022-11-26 00:06:34
915,Samantha Parker,9_3GQhyFN%,mark12@example.net,2022-12-18 16:25:52
916,Douglas Williams,$st*4Uy8&,duane87@example.org,2022-11-03 15:53:46
917,Mark Ward,^36WGd,gonzalezshari@example.com,2021-02-27 10:56:51
918,Lawrence Elliott,79V+1sZu@N8T_),levipalmer@example.net,2021-06-16 08:28:07
919,Michael Pope,(bu^iF3jGDwW7N,gpark@example.com,2020-04-27 10:17:17
920,Daniel Smith,q8SF5%nv^AA8,farmerscott@example.org,2021-12-21 10:20:05
921,Louis Thornton,wO*8PIWyN3,schmidtelizabeth@example.net,2020-01-25 10:03:00
922,Katherine Mejia,f47KMXKt%,amberball@example.com,2021-12-18 06:15:52
923,Daniel Garcia,&5KnT7Gt,bryantthomas@example.net,2020-10-07 14:10:43
924,Kathryn Hull,H^d1Cughm#oY,deborahnelson@example.com,2020-09-30 20:21:28
925,Debbie Brown,*92&Xm6q_,mpearson@example.com,2022-08-20 14:25:45
926,Greg Hardy,G8i&0O@hK,alexandrabaird@example.net,2022-05-05 15:27:00
927,Stephen Bradley,JN!)Daqt($i28W,kristine83@example.net,2021-01-05 11:52:37
928,Rachel Wood,F#z(5a*m2X17P8,hayesjason@example.org,2023-04-15 09:40:47
929,Laura Shah,B@kY28NyZ69I,rachel18@example.org,2022-08-29 00:25:04
930,Amy Clark,^$a1Ee,hcooper@example.org,2022-10-18 11:37:38
931,Mary Garcia,QDBMRb*m*@3O,whiteshane@example.com,2021-06-21 01:45:30
932,Kyle Ray,mnp)0C3f$,cooketiffany@example.net,2020-04-13 13:12:33
933,Elizabeth Mitchell,H@9e)Bn,anthony54@example.net,2022-10-24 04:12:17
934,Matthew Robles,$9MIfDm,michael53@example.net,2020-03-17 13:09:34
935,Laura Bowers,V+0rtLw,ostevenson@example.com,2021-09-18 19:01:50
936,Bianca Nicholson,5+7DDkBC,toddnelson@example.net,2020-03-03 04:07:36
937,Justin Anderson,8bFGbghh_2,fperez@example.com,2023-04-18 16:49:08
938,Jody Perry,hp%U4qie%Ei7V,jessicasmith@example.org,2020-07-16 16:21:59
939,Zachary Garner,^1#!RhaUAg^O1,teresapeters@example.net,2020-09-22 05:48:22
940,Robert Velasquez Jr.,M_$6CWJdX,amelendez@example.net,2020-05-25 10:50:03
941,Cameron Evans,(8S8o(+,ramireztodd@example.net,2021-10-03 10:02:49
942,Benjamin Avila,^6YEW9i,dshea@example.org,2020-06-12 02:56:56
943,Tracy Murray,F_4GZs,carolsoto@example.org,2021-12-12 15:57:45
944,Garrett King,$5P#Ff,alex89@example.com,2022-06-11 10:17:15
945,Steven Kelly,@3EYiC,david96@example.net,2023-03-22 14:20:59
946,Blake Kline,Qo(MsIej&7J0,kle@example.net,2023-05-02 17:14:42
947,Donna Melendez,@7QVOGwpbY5oW,dustin94@example.org,2022-09-04 18:08:41
948,Brenda Moore,Es%QZ#w8_5pjPa,shane34@example.org,2021-05-22 03:30:03
949,Michael Marquez,*3iETu2j5,john07@example.com,2020-02-28 06:51:57
950,George Williams,+3%ZvkDh,edwinswanson@example.com,2022-10-03 16:12:01
951,Benjamin White,+(88EEd,nromero@example.com,2020-03-26 05:25:41
952,Tyler Whitehead,IDN%&9Nk+O,weissmichael@example.net,2021-11-01 00:24:41
953,Toni Martinez,HCNzpK0q#e2N,austin17@example.net,2021-06-22 13:25:43
954,Elizabeth Scott,^x5RlCin_H,ewhite@example.org,2023-03-01 00:33:14
955,Michael Harris,T@7S8r3fy$Gz2S,hterry@example.net,2020-08-08 15:52:02
956,Samuel Lamb,7P8T9uH0%#8,melissa64@example.net,2023-02-11 07:23:26
957,Jessica Robles,uo99VOk_F*p,vrangel@example.net,2020-09-26 14:04:40
958,Melanie Espinoza,5nm!B)py$Q,reynoldsmegan@example.com,2021-01-25 13:35:18
959,Jeffrey Boyd,5gS_9Yc,santanastephen@example.org,2020-12-04 04:26:07
960,David Lee,2sNSQn$f&$Oi*W,ashepherd@example.org,2020-04-15 15:38:13
961,Cynthia Evans,i0*_6bXF_iJ,yolanda23@example.org,2021-06-04 13:05:19
962,Carolyn Williams,(S05Jv!,robert63@example.org,2020-07-25 01:27:07
963,Caroline Thomas,Cc&uubny_ja4hH,edavis@example.com,2021-11-02 00:37:08
964,Brandon Carroll,@0Ba@E,kimberly32@example.com,2021-03-23 22:12:41
965,Justin Lewis,r^03SIh+4V@,dustinriley@example.net,2023-03-30 03:06:48
966,Jennifer Howard,+40PBy,jennafuentes@example.org,2023-01-15 00:28:33
967,Jose Padilla MD,Jv*8SaFa,castanedajames@example.org,2023-03-30 02:31:23
968,Andrew Anderson,*_5*CgJz,paulawheeler@example.org,2022-04-16 06:39:33
969,Darren Sherman,%Zu9g9g69JsVpi,williamstheodore@example.com,2021-05-25 15:26:36
970,Brandon Davis,dvZABEvS!O0K,marybrown@example.com,2020-12-21 21:46:30
971,David Nguyen,ksxJYndM(H@5Wt,samuel02@example.com,2023-04-14 14:21:29
972,Justin Hernandez,#z6dsD%qO#F6@,elizabethschwartz@example.org,2020-06-25 05:05:36
973,Cheryl Hill,_+a2ICs,mollyhodge@example.com,2022-08-19 20:17:22
974,Timothy Whitaker,p^4Kyl*4,wellskatherine@example.com,2020-12-06 01:54:41
975,Frederick Walsh,$Cn*Qz&e0FqwbY,jennifer15@example.net,2020-06-03 21:26:53
976,Heather Ross,BBs1lZfiVP5%,uwright@example.com,2021-12-08 03:55:17
977,Alexis Marquez,1MhDtnQ7!!D5Xc,bennettdeanna@example.net,2022-08-10 20:07:08
978,Gina Gonzalez,(5VfY^RvZ(E,michaelreese@example.net,2020-07-07 00:36:21
979,Katelyn Thompson,(gZipE#3*i5,adriana47@example.org,2023-04-24 20:32:58
980,William Joyce,)MG9Jg,mtucker@example.net,2020-01-30 03:47:28
981,Pamela Johnson,)i83voeWIVCK,imolina@example.com,2020-06-19 12:09:02
982,Michael Downs,(3qJJt,kristina46@example.com,2023-04-06 01:47:40
983,Brandon Gray,v)Se2Pt,zacharypowers@example.com,2021-01-31 14:53:18
984,Dennis Harrison,B$D8P6j,usuarez@example.com,2021-08-14 20:00:27
985,Janice Ortiz,Ka^9QrL,stevenmiller@example.net,2022-08-05 01:30:49
986,Denise Riddle,(3M^c8@,ernest83@example.org,2023-03-10 06:32:27
987,Jeffrey Howard,Hx#PQUQmdN26q,kmcclure@example.net,2023-05-09 11:11:03
988,Caitlin Giles,*f53!sCwxYW%,tim09@example.com,2020-07-10 10:54:40
989,Melanie Morgan,+OG979IiZAbcaG,ikelly@example.net,2020-11-19 16:39:44
990,April Kennedy,*F8G5orkw5,anita12@example.net,2021-04-02 19:38:36
991,Allison Stephens,@Q2gAiFr,wtran@example.org,2021-11-22 04:15:20
992,Dustin Carr,)6lYc##j#,jennifer00@example.com,2021-06-11 16:41:32
993,Justin Williams,HEU8Axtr5@8V5P,qwright@example.org,2021-07-28 00:38:43
994,Christopher Smith,U^l60Grd,paulruiz@example.net,2022-10-25 00:22:29
995,Joseph Nguyen,s0*5Al,stephengregory@example.net,2023-03-09 03:42:48
996,Mitchell Perry,&Z1R!#9y9*&,michellemcdowell@example.net,2020-11-24 20:11:28
997,Linda Cox,#z0hBjqw,qjones@example.org,2023-03-16 08:42:41
998,Phillip Tapia,g(8auuNvs4,jonathan71@example.com,2022-12-06 20:31:06
999,Lori Green,3J(3UXqk,smithjonathan@example.com,2021-01-07 18:37:50
